stepIdx	time_s	localFwdY	pureZ	zEnergyFrac	zEF_avg5	procRmsZ	stepFreqHz	rmsZdivFreq	stepVarH	dmag	recentStepVarYZ	varYZRatio	dmagRatio	zfRatio	freqRatio	dirR1	energyFracZ	zPeakYRatio	stairConfidence	fsmLabel	armSpin	floorGT
1	0.844	0.645429	1.92507	0.748909	0.748909	1.6806	3.57143	0.470567	1.48141	0	99	1	0	1	1	3.03129e-314	0.562601	0.301517	0.1	ground	0	ground
2	1.386	-0.683608	1.22247	0.641353	0.695131	1.45269	1.61031	0.902119	0.493856	1.50333	99	1	1.98678	1.31438	0.621532	3.03129e-314	0.597867	0.178131	0.1	ground	0	ground
3	2.008	-1.66367	1.45775	0.467014	0.619092	1.20721	1.61812	0.746056	0.915899	1.00791	0.98069	5.21452	1.28924	1.07763	0.648912	0.344437	0.357837	0.0871045	0	ground	0	ground
4	3.067	-2.06669	1.92093	0.481723	0.58475	1.6	0.926784	1.7264	3.25698	0.613973	1.18497	4.11793	0.802572	2.1696	0.396585	0.46245	0.384659	0.139187	0	ground	0	ground
5	3.646	0.726338	1.3119	0.643644	0.596529	1.46522	2.63158	0.556782	2.11284	2.85866	1.40974	3.52472	2.93385	0.721381	1.11207	0.534174	0.496242	0.145326	0	ground	0	ground
6	4.206	-0.491153	1.45947	0.748207	0.596388	1.24477	1.35318	0.919886	1.76983	1.2264	1.01449	2.19867	1.22692	1.16939	0.597415	0.89587	0.428185	0.180566	0.1	ground	0	ground
7	4.805	0.441661	2.41598	0.845445	0.637207	2.07473	1.85529	1.11828	1.34328	1.33605	1.39316	2.51208	1.29309	1.36409	0.834181	0.871861	0.758814	0.014087	0.6	ground	0	ground
8	5.323	-0.839974	2.8673	0.773425	0.698489	2.94066	1.72414	1.70558	2.84193	1.35878	1.32865	2.10232	1.27492	1.87762	0.79304	0.870208	0.747192	0.0882942	0.2	ground	0	ground
9	5.942	0.433399	5.93621	0.931958	0.788536	2.73792	1.85529	1.47574	2.45423	3.32261	3.16838	3.57754	2.57275	1.52908	0.866063	0.989809	0.752751	0.0834704	0.6	ground	0	ground
10	6.425	1.08081	3.64742	0.771413	0.81409	4.72017	1.85185	2.54889	15.319	2.37859	2.76807	2.57765	1.69878	2.26873	0.876338	0.991102	0.588982	0.300292	0.3	ground	0	ground
11	7.001	0.467399	6.7272	0.935035	0.851455	3.39658	1.92308	1.76622	4.14323	3.14027	3.3137	2.55321	1.99486	1.48701	0.918304	0.973585	0.733436	0.2577	0.3	ground	0	ground
12	7.504	-0.500309	1.20787	0.707109	0.823788	5.07135	1.79211	2.82981	6.54478	5.60352	4.56162	2.80848	2.83419	2.0931	0.86829	0.973806	0.795161	0.224074	0.3	ground	0	ground
13	8.141	1.42733	3.76187	0.724942	0.814091	2.33322	1.85185	1.25994	3.4558	3.1998	4.20112	2.23235	1.52416	0.938316	0.90655	0.977919	0.610786	0.0339971	0.3	ground	0	ground
14	8.62	0.0812191	1.67812	0.953835	0.818467	3.21055	1.7301	1.8557	9.78205	2.48073	4.28127	2.0177	1.16056	1.33115	0.860114	0.97892	0.507344	0.026064	0	ground	0	ground
15	9.24	1.1329	0.91094	0.4457	0.753324	2.26766	1.92308	1.17918	3.59001	1.30177	5.2258	2.14854	0.63379	0.859106	0.96027	0.976223	0.585662	0.236053	0	ground	0	ground
16	10.277	1.01263	2.27204	0.69171	0.704659	1.45894	0.909918	1.60337	3.52972	1.36641	1.54068	0.657542	0.688299	1.14883	0.480581	0.637509	0.375356	0.084237	0.25	ground	0	ground
17	10.757	-0.844873	2.95476	0.777643	0.718766	2.12359	1.85529	1.14462	3.543	1.979	1.67396	0.735426	0.997191	0.835152	0.981861	0.652888	0.546086	0.253022	0.25	ground	0	ground
18	11.336	-0.525894	2.3062	0.814309	0.736639	1.71145	2.38663	0.717098	0.965706	0.722757	1.10507	0.511825	0.388915	0.549415	1.23069	0.634601	0.750558	0.25634	0.6	ground	0	ground
19	11.835	-0.173018	2.78462	0.941501	0.734173	2.43808	1.51745	1.60669	4.16009	0.594482	1.16718	0.566627	0.343234	1.2032	0.799885	0.611467	0.584709	0.0557359	0.4	ground	0	ground
20	12.408	0.529519	1.86879	0.779211	0.800875	2.21172	2.00401	1.10365	1.3911	1.15426	0.616446	0.321813	0.689428	0.84108	1.05044	0.620903	0.778586	0.0679203	0.8	ground	0	ground
21	12.89	-1.3235	2.62799	0.665064	0.795546	2.56783	1.78571	1.43799	5.44193	2.00251	0.539829	0.303622	1.17308	1.08547	0.942045	0.990799	0.547489	0.0518665	0.6	stair	0	ground
22	13.533	0.494555	0.919915	0.65036	0.770089	1.89759	1.85529	1.0228	3.90529	2.49456	0.923967	0.519676	1.46133	0.772063	0.978748	0.990755	0.478141	0.109469	0.2	stair	0	ground
23	14.011	-0.660781	1.03025	0.609242	0.729075	3.13281	1.72712	1.8139	8.58009	1.16059	1.1005	0.618963	0.67988	1.36923	0.911131	0.991372	0.532742	0.227417	0.05	ground	0	ground
24	14.651	1.07693	3.37221	0.757947	0.692365	2.81273	1.85529	1.51606	7.2151	2.91623	1.65306	0.936326	1.59534	1.12811	0.980832	0.990716	0.522886	0.166696	0	ground	0	ground
25	15.113	-0.310515	2.30868	0.881446	0.712812	3.08217	1.78571	1.72602	7.43048	1.74817	1.61012	0.920101	0.960535	1.24883	0.949363	0.982757	0.554272	0.145898	0	ground	0	ground
26	15.729	2.0561	2.05095	0.499373	0.679674	1.57732	2.50627	0.629352	2.67973	2.38061	1.76428	1.00737	1.26894	0.481587	1.28957	0.981001	0.475905	0.165836	0	ground	0	ground
27	16.207	-0.783856	0.308942	0.282707	0.606143	3.26507	1.43062	2.28229	6.73156	3.33166	2.35269	1.29875	1.64802	1.62513	0.756058	0.977859	0.608997	0.14337	0.3	ground	0	ground
28	16.687	-0.392394	-0.974251	0.712878	0.62687	2.55599	2.09205	1.22176	3.02044	1.34158	3.53515	1.78194	0.686717	0.88143	1.09406	0.96709	0.682368	0.159577	0.3	ground	0	ground
29	17.269	-1.10004	0.926363	0.457147	0.56671	2.41274	1.72712	1.39698	4.21509	2.02808	2.68303	1.30638	1.03418	1.00705	0.912041	0.929453	0.579818	0.162086	0	ground	0	ground
30	17.807	-1.96388	0.926345	0.320509	0.454523	2.66983	1.92678	1.38564	2.47744	0.863844	2.79574	1.3138	0.466606	0.998988	1.0157	0.933334	0.742057	0.0659018	0.6	ground	0	ground
31	18.36	-0.230866	2.15111	0.903078	0.535264	3.18268	1.72712	1.84277	5.83161	2.12212	1.40992	0.685702	1.12974	1.2863	0.918677	0.913207	0.634292	0.123174	0.45	ground	0	ground
32	19.005	0.899185	0.723147	0.445745	0.567871	2.21192	1.92678	1.14799	2.17887	1.82102	1.90544	0.933537	0.972415	0.817564	1.02234	0.933432	0.691872	0.15872	0.6	ground	0	ground
33	19.481	-0.413402	2.04477	0.831825	0.591661	3.26276	1.66667	1.95766	5.08646	1.86268	1.27957	0.651196	0.995192	1.34132	0.894672	0.918295	0.674354	0.172555	0.45	ground	0	ground
34	20.064	1.0947	0.403124	0.26914	0.554059	2.02805	2.08333	0.973466	1.88274	2.22921	1.71113	0.882223	1.1687	0.689961	1.10526	0.92095	0.684189	0.156465	0.4	ground	0	ground
35	20.539	-0.274942	0.437783	0.614237	0.612805	2.37701	1.72712	1.37629	3.55018	1.37008	1.02516	0.554703	0.739109	0.977866	0.924014	0.91962	0.614068	0.163942	0.2	ground	0	ground
36	21.12	0.502135	1.70262	0.772249	0.586639	2.26016	1.85529	1.21822	1.58585	1.48448	0.833363	0.47712	0.817096	0.877356	0.993323	0.992307	0.763069	0.177486	0.9	ground	0	ground
37	21.662	-0.172675	1.76238	0.910764	0.679643	3.08869	1.7301	1.78526	3.41157	0.67745	0.818491	0.494905	0.397836	1.25001	0.933177	0.981422	0.735617	0.128367	0.6	stair	0	ground
38	22.26	1.0401	0.231113	0.181805	0.549639	1.74871	2	0.874357	1.21543	1.95335	0.794934	0.480661	1.14712	0.612212	1.07875	0.980266	0.715399	0.146968	1	stair	0	ground
39	22.736	0.183189	0.601617	0.76658	0.649127	3.27181	1.7301	1.8911	4.99888	0.933579	0.65465	0.395838	0.548249	1.32412	0.933177	0.979625	0.681316	0.178615	0.6	stair	0	ground
40	23.276	0.388798	1.56652	0.801158	0.686511	3.1191	1.92678	1.61881	3.30372	0.986569	0.558185	0.337509	0.579367	1.13347	1.03926	0.979397	0.746141	0.216949	0.6	stair	0	ground
41	23.834	0.384985	1.51557	0.797435	0.691549	2.39023	1.72414	1.38634	3.56422	0.051092	0.521007	0.31503	0.030004	0.970693	0.929959	0.980832	0.613342	0.229531	0.6	stair	0	ground
42	24.376	-0.354751	3.8427	0.915484	0.692492	2.36572	2.00401	1.18049	2.03058	2.44187	1.7796	1.07604	1.434	0.826564	1.08091	0.987141	0.730207	0.214668	0.6	stair	0	ground
43	24.895	-1.44975	1.79615	0.55336	0.766803	2.988	1.78253	1.67627	3.28505	2.32108	1.62805	0.984412	1.36306	1.1737	0.961455	0.979228	0.728881	0.208117	0.3	stair	0	ground
44	25.511	0.744725	1.20692	0.618411	0.73717	2.73182	1.93798	1.40962	2.45196	2.27221	1.51058	0.913378	1.33436	0.986994	1.0453	0.958198	0.752695	0.249922	0.6	stair	0	ground
45	25.99	-0.16714	3.21999	0.950654	0.767069	4.1882	1.72414	2.42916	9.28569	2.20997	1.62112	0.980222	1.29781	1.70086	0.929959	0.972585	0.653789	0.355292	0.3	stair	0	ground
46	26.551	0.290838	2.91526	0.909286	0.789439	3.19904	2.00401	1.59632	2.4059	0.550094	1.46688	0.886954	0.323045	1.11772	1.08091	0.963637	0.808868	0.321293	0.6	stair	0	ground
47	27.05	-1.30578	4.01269	0.754483	0.757239	3.07001	1.78891	1.71613	2.45159	1.93741	1.7647	1.06704	1.13775	1.20161	0.964895	0.973552	0.791987	0.368421	0.6	stair	0	ground
48	27.629	-0.546008	4.74714	0.896846	0.825936	2.60056	2.17865	1.19366	1.03319	1.05672	1.91656	1.15886	0.620564	0.835781	1.17511	0.975437	0.867072	0.111226	0.7	stair	0	ground
49	28.132	-0.161929	2.03452	0.926277	0.887509	3.30749	1.61812	2.04403	4.28489	2.73967	1.14972	0.695182	1.60888	1.4312	0.872777	0.989277	0.71823	0.138911	0.45	stair	0	ground
50	28.744	0.875473	-1.03581	0.541946	0.805767	1.87605	2	0.938026	2.08406	3.24086	4.59195	2.77655	1.90321	0.656792	1.07875	0.986218	0.627772	0.185591	0.6	stair	0	ground
51	29.247	-0.193603	0.727745	0.789869	0.781884	2.22868	1.61812	1.37732	4.10413	2.0623	4.97299	3.00695	1.21109	0.964381	0.872777	0.954275	0.547467	0.158811	0.1	stair	0	ground
52	29.924	-0.0418821	2.97157	0.986101	0.828208	1.40669	1.92678	0.730074	2.31481	2.24894	4.07885	2.4663	1.3207	0.511188	1.03926	0.940542	0.459242	0.128358	0	ground	0	ground
53	30.363	0.690335	-1.91088	0.73461	0.795761	2.16254	1.66667	1.29752	5.61212	4.93705	3.54106	1.92182	2.43653	0.916896	0.908136	0.942251	0.452406	0.25958	0	ground	0	ground
54	30.983	1.02499	8.64739	0.894029	0.789311	3.74324	1.9305	1.939	9.4238	10.5636	14.4826	4.66194	3.66792	1.32128	1.04646	0.736357	0.597877	0.391631	0.1	ground	0	ground
55	31.443	0.571919	2.45949	0.811336	0.843189	4.83736	1.85529	2.60734	12.4223	6.20446	12.3263	3.05975	1.93139	1.64865	1.00512	0.736938	0.652882	0.333458	0.1	ground	0	ground
56	32.12	-1.07329	14.4665	0.930933	0.871402	4.57798	1.92308	2.38055	14.4781	12.1192	32.6892	4.74128	2.95366	1.43286	1.0375	0.728697	0.591423	0.152157	0.1	ground	0	ground
57	32.562	-1.57751	-0.619913	0.282109	0.730603	5.04318	1.62075	3.11164	7.22962	15.0948	38.6836	3.84013	2.90158	1.72254	0.885519	0.773459	0.769476	0.247139	0	ground	0	ground
58	33.61	-0.602535	0.679091	0.529866	0.689655	2.03283	0.943396	2.1548	5.86999	1.62419	32.8757	2.6612	0.335266	1.17028	0.541687	0.400054	0.413101	0.309424	0	ground	0	ground
59	34.277	0.784184	0.761001	0.492498	0.609348	1.85789	1.85185	1.00326	4.16438	1.38914	31.5987	2.21307	0.308769	0.570857	1.05662	0.557376	0.4494	0.0903466	0	ground	0	ground
60	34.738	-0.526376	-0.439429	0.454987	0.538079	2.97122	1.7301	1.71737	3.45677	1.77724	33.982	2.09138	0.420473	0.97942	0.988425	0.556737	0.718427	0.0545063	0	ground	0	ground
61	35.392	0.152557	4.52657	0.967396	0.545371	2.19964	1.85529	1.18561	4.60006	5.0122	4.08634	0.271836	1.16419	0.698785	1.05363	0.288862	0.511543	0.0479181	0.2	ground	0	ground
62	35.953	0.622716	1.68379	0.730017	0.634953	3.22125	1.72712	1.86511	5.17158	2.8814	3.15753	0.228065	0.692159	1.08847	0.982721	0.326083	0.662424	0.16682	0	ground	0	ground
63	36.532	2.18783	1.18348	0.351043	0.599188	2.05157	1.78891	1.14683	3.39162	1.64314	3.52143	0.274842	0.420138	0.692175	1.01606	0.657673	0.55153	0.148093	0	ground	0	ground
64	37.03	-0.36941	1.00928	0.732058	0.6471	2.8046	1.61812	1.73324	3.66778	2.56317	3.60194	0.302901	0.678775	1.04131	0.926561	0.645508	0.6802	0.155908	0	ground	0	ground
65	37.607	0.394803	1.21433	0.754649	0.707033	1.84992	1.92308	0.961956	1.21746	0.791243	2.48471	0.226898	0.227521	0.603398	1.09015	0.588237	0.736885	0.317649	0.8	ground	0	ground
66	38.15	-0.897361	1.45791	0.618999	0.637353	1.64301	1.67224	0.982522	3.48052	1.31492	1.15951	0.11628	0.403177	0.64089	0.952917	0.939876	0.418929	0.278918	0.2	ground	0	ground
67	38.767	0.32749	2.44761	0.88199	0.667748	2.28986	1.78891	1.28003	0.869389	1.57473	1.35333	0.148557	0.50917	0.848966	1.01743	0.952874	0.857507	0.422148	1	ground	0	up
68	39.386	-0.38372	3.40697	0.898773	0.777294	2.24497	1.72712	1.29984	1.38065	1.19423	1.04186	0.125479	0.411395	0.874154	0.984025	0.958145	0.784873	0.156583	1	stair	0	up
69	39.945	0.825558	3.01366	0.784967	0.787876	2.16483	1.85529	1.16684	0.802475	1.27163	1.10537	0.133129	0.438058	0.784714	1.05705	0.965764	0.853562	0.245426	1	stair	0	up
70	40.541	-1.85477	4.17934	0.692619	0.77547	2.73704	1.72712	1.58475	2.7178	2.92284	1.71722	0.206818	1.00687	1.06576	0.984025	0.978396	0.732864	0.15667	0.6	stair	0	up
71	41.103	0.632803	3.02685	0.827086	0.817087	3.93426	1.61551	2.4353	1.97833	2.74158	1.27346	0.153373	0.944434	1.63777	0.920437	0.988883	0.886643	0.231257	0.9	stair	0	up
72	41.642	-0.556679	4.43472	0.888472	0.818384	3.99565	1.79211	2.22958	1.82666	1.84309	1.27262	0.153271	0.634918	1.49941	1.02106	0.990988	0.897082	0.188325	0.9	stair	0	up
73	42.222	1.33311	2.58475	0.659736	0.770576	3.72528	1.85529	2.00792	1.74174	2.64456	1.84001	0.221606	0.911011	1.35035	1.05705	0.989648	0.888238	0.188776	0.9	stair	0	up
74	42.794	0.149323	2.3063	0.939191	0.801421	4.07575	1.67224	2.4373	1.11004	1.21609	1.91334	0.230438	0.418925	1.63911	0.95276	0.986258	0.936308	0.141609	1	stair	0	up
75	43.395	0.556583	0.0837523	0.130794	0.689056	2.66357	1.85185	1.43833	1.59652	2.25955	2.36554	0.2849	0.778383	0.967291	1.05509	0.983565	0.815743	0.139277	0.9	stair	0	up
76	43.952	-0.152661	1.825	0.922807	0.7082	3.24069	1.47493	2.19719	1.62382	1.88015	2.37006	0.285445	0.647685	1.47763	0.84034	0.982954	0.865466	0.141997	0.9	stair	0	up
77	44.549	0.304215	0.703404	0.698085	0.670123	2.91631	1.85529	1.57189	0.626261	1.21108	1.16763	0.140627	0.4172	1.05711	1.05705	0.984336	0.931255	0.151267	1	stair	0	up
78	45.235	0.302888	2.56046	0.894219	0.717019	2.65234	1.5674	1.69219	1.61179	1.85706	0.95819	0.115402	0.639729	1.13802	0.893026	0.982991	0.813355	0.142047	0.9	stair	0	ground
79	45.773	1.59137	2.04258	0.562082	0.641597	1.97894	1.51745	1.30412	2.18875	1.38867	1.16881	0.140769	0.478375	0.877038	0.864568	0.985752	0.636395	0.380582	0.7	stair	0	ground
80	46.313	-0.72449	2.58076	0.780806	0.7716	2.36951	2.27273	1.04259	4.09073	2.37757	1.05284	0.126802	0.819039	0.70115	1.29489	0.9863	0.578504	0.180217	0.2	stair	0	ground
81	46.973	2.26641	3.04847	0.573573	0.701753	2.79183	1.47493	1.89286	3.5983	3.02724	1.76774	0.212902	1.04284	1.27297	0.84034	0.990498	0.684074	0.109125	0.4	ground	0	ground
82	47.491	0.0201869	1.37193	0.985498	0.759236	3.10725	1.66667	1.86435	5.15492	2.8029	1.50582	0.197528	0.968896	1.22276	0.954396	0.990509	0.64875	0.156854	0.4	ground	0	ground
83	48.067	0.222755	4.16705	0.949256	0.770243	2.05589	1.85874	1.10607	2.18822	2.80246	2.08626	0.295103	0.971779	0.745912	1.05757	0.990576	0.657665	0.221477	0.9	ground	0	ground
84	48.529	0.328686	1.46411	0.816662	0.821159	1.87426	2.00803	0.933381	1.96159	2.70502	2.07093	0.315222	0.943845	0.653676	1.12646	0.993625	0.630335	0.244059	0.5	ground	0	ground
85	49.163	-0.542798	0.385016	0.414971	0.747992	2.03495	1.66945	1.21893	1.68443	1.38705	2.71655	0.439257	0.510309	0.866337	0.942509	0.992451	0.710841	0.10438	0.9	ground	0	up
86	49.743	0.0764207	1.56098	0.953327	0.823943	2.42554	1.72712	1.40439	1.66663	1.32903	1.68282	0.293468	0.515293	0.998331	0.977503	0.945869	0.779208	0.199243	0.9	stair	0	up
87	50.3	0.218249	1.33096	0.859122	0.798668	2.04781	1.66667	1.22868	1.64933	0.270225	1.69615	0.295792	0.104772	0.873428	0.94329	0.939177	0.714428	0.154428	0.9	stair	0	up
88	50.828	-0.563375	2.09402	0.787997	0.766416	2.65424	1.92678	1.37755	1.70588	1.09233	0.453621	0.0791071	0.423521	0.979252	1.09051	0.938456	0.804977	0.0937883	0.9	stair	0	up
89	51.405	1.17531	4.10288	0.777327	0.758549	2.58649	2.00401	1.29066	1.72891	2.65679	1.9289	0.33638	1.0301	0.917484	1.13422	0.938391	0.794398	0.0804807	0.9	stair	0	up
90	51.923	-1.52013	3.88243	0.718628	0.81928	3.6068	1.72712	2.08834	2.25636	2.70444	2.16738	0.377969	1.04857	1.48453	0.977503	0.946879	0.852175	0.0397186	0.9	stair	0	up
91	52.484	-0.997995	1.63788	0.62138	0.752891	3.07655	2.08768	1.47367	1.32669	2.30448	2.23566	0.389877	0.893498	1.04758	1.18157	0.989073	0.876984	0.0367945	1	stair	0	up
92	53.021	-0.675949	2.748	0.802582	0.741583	3.07012	1.66945	1.839	1.98833	1.15589	1.76129	0.307152	0.448163	1.30728	0.944865	0.980536	0.825088	0.0871338	0.9	stair	0	up
93	53.565	-0.957154	1.70204	0.640058	0.711995	3.49836	1.72712	2.02555	1.17078	1.0831	1.94336	0.338903	0.419943	1.43989	0.977503	0.984275	0.912569	0.0845714	1	stair	0	up
94	54.16	0.0935001	1.18097	0.926635	0.741856	2.3738	1.85529	1.27948	1.6986	1.17277	1.22484	0.2136	0.454708	0.909536	1.05004	0.979934	0.766556	0.0916036	0.9	stair	0	up
95	54.748	0.320593	2.5999	0.890226	0.776176	2.22351	1.79211	1.24072	0.735568	1.43698	0.66084	0.115244	0.55715	0.881983	1.01429	0.968278	0.870467	0.238156	1	stair	0	up
96	55.333	-1.20001	2.60264	0.684427	0.788786	3.08262	1.72414	1.78792	1.51056	1.52061	0.73149	0.127565	0.589574	1.27097	0.975817	0.961889	0.862415	0.0754344	0.9	stair	0	ground
97	55.793	-1.15901	-0.330842	0.222063	0.672682	2.42667	1.78253	1.36136	2.35951	2.93376	1.60675	0.280202	1.13749	0.967746	1.00887	0.971818	0.709563	0.076341	0.9	stair	0	ground
98	56.494	0.105966	1.72877	0.942244	0.733119	1.96149	1.42857	1.37304	1.95634	2.41706	1.62911	0.284101	0.937147	0.976046	0.808534	0.921241	0.661129	0.0717566	0.9	stair	0	ground
99	57.114	1.90656	0.544372	0.222108	0.592213	2.36819	1.85185	1.27882	4.20887	2.15522	2.65002	0.462137	0.835625	0.90907	1.0481	0.930845	0.571161	0.184954	0.2	stair	0	ground
100	57.595	-0.492003	2.50494	0.835832	0.581335	2.27569	1.78253	1.27666	6.57221	3.0979	2.60675	0.454592	1.20112	0.907533	1.00887	0.909417	0.43441	0.129711	0.4	ground	0	ground
101	58.135	1.08118	1.32152	0.550016	0.554452	2.07104	1.91939	1.07901	4.78405	1.9686	2.14883	0.399728	0.781777	0.785326	1.07703	0.910665	0.472723	0.138543	0.2	ground	0	ground
102	58.698	0.352384	2.13954	0.858589	0.681758	2.19507	1.72117	1.27534	6.04871	1.09558	1.14863	0.231905	0.46113	0.934929	0.969115	0.913124	0.443064	0.116985	0.2	ground	0	ground
103	59.299	-0.365774	0.482226	0.568662	0.607041	1.93136	1.92308	1.00431	6.29369	1.80622	1.48399	0.322178	0.778916	0.756186	1.07391	0.967717	0.371209	0.0942075	0.2	ground	0	ground
104	59.781	-1.06614	0.899809	0.457698	0.654159	2.67528	1.77936	1.50351	6.99815	0.815403	1.11996	0.263055	0.376014	1.1173	0.994283	0.957735	0.505598	0.0835059	0.2	ground	0	ground
105	60.421	-1.26592	2.98863	0.702454	0.627484	1.64557	1.72414	0.954433	2.41054	2.09835	1.57548	0.394927	0.970775	0.730506	0.966962	0.972887	0.529027	0.0663105	0.5	ground	0	ground
106	60.902	0.152619	1.04083	0.872118	0.691904	1.86247	1.84843	1.0076	2.90965	2.40961	1.25804	0.338532	1.10212	0.789254	1.03288	0.973285	0.543389	0.0838245	0.2	ground	0	ground
107	61.541	0.185435	0.672374	0.783826	0.676952	1.44731	1.78253	0.81194	2.24677	0.36991	1.18476	0.342116	0.184522	0.660021	0.996452	0.972131	0.48163	0.191895	0.5	ground	0	ground
108	62.062	0.484028	2.58285	0.842176	0.731654	1.497	1.66389	0.899697	3.62847	1.93367	1.42522	0.437284	0.968004	0.751547	0.936676	0.987659	0.381182	0.185151	0.2	ground	0	ground
109	62.622	0.159542	1.91356	0.923041	0.824723	1.86214	1.91939	0.970173	1.33224	0.743804	1.15649	0.379304	0.397287	0.82608	1.07187	0.974807	0.722275	0.276804	1	ground	0	ground
110	63.084	0.215003	2.25247	0.912865	0.866805	2.20858	1.99601	1.1065	4.24758	0.343414	0.539552	0.192833	0.199737	0.947638	1.10203	0.969414	0.532691	0.297153	0.6	stair	0	ground
111	63.732	-0.261559	1.65474	0.863508	0.865083	1.67675	1.66389	1.00773	2.74407	0.764453	0.481657	0.172142	0.444622	0.86305	0.918662	0.957313	0.506059	0.108232	0.4	stair	0	ground
112	64.269	-0.252343	0.0819534	0.245151	0.757348	1.67967	1.78253	0.942293	4.91818	1.57281	0.832927	0.297683	0.914783	0.807008	0.984164	0.95615	0.363895	0.186177	0.2	ground	0	ground
113	64.848	-0.66986	2.14252	0.761817	0.741276	1.78636	1.85529	0.96285	2.49438	2.10244	0.729386	0.28149	1.19617	0.839335	1.02185	0.74152	0.560737	0.222974	0.5	ground	0	ground
114	65.546	0.556684	7.56224	0.931434	0.742955	2.50672	1.78571	1.40376	1.24732	5.55678	6.59893	2.20557	2.5996	1.19691	0.985151	0.728923	0.831706	0.01961	0.5	ground	0	down
115	66.087	0.147791	4.45891	0.967918	0.753966	3.83527	1.56495	2.45074	2.47775	3.13016	6.94139	2.04949	1.39938	1.8843	0.875317	0.761099	0.855599	0.061788	0.4	ground	0	down
116	66.63	1.22029	5.10722	0.807145	0.742693	4.26442	1.72117	2.47763	4.07692	1.25322	6.99518	1.86652	0.586041	1.74688	0.966302	0.744037	0.816867	0.0288263	0.1	ground	0	down
117	67.167	-0.902264	5.34894	0.855666	0.864796	4.39457	1.72712	2.54445	2.00475	2.13628	3.63724	0.973391	0.999083	1.66204	0.972593	0.766585	0.905162	0.281518	0.4	ground	0	down
118	67.687	-0.781578	2.175	0.735648	0.859562	4.60221	1.85529	2.48059	4.00455	3.17624	3.63635	0.975774	1.41667	1.52568	1.04011	0.978413	0.840973	0.233909	0.3	ground	0	down
119	68.246	-0.808301	7.58746	0.903725	0.85402	4.45477	2.00401	2.22293	2.06987	5.41252	3.68347	0.989563	2.11502	1.31878	1.10978	0.978391	0.905109	0.256289	0.6	ground	0	down
120	68.804	0.12795	5.05991	0.975336	0.855504	4.29045	2	2.14523	2.57131	2.69537	3.6238	0.976115	1.04768	1.2389	1.09578	0.984787	0.877009	0.240907	0.3	ground	0	down
121	69.344	-1.32333	6.95086	0.840065	0.862088	4.73294	1.72712	2.74037	2.9751	2.38367	3.76647	1.01307	0.933377	1.49548	0.95138	0.986427	0.882729	0.069898	0.3	ground	0	down
122	69.885	0.250374	7.85185	0.969098	0.884774	5.39857	1.78891	3.0178	3.946	1.81338	4.82982	1.26136	0.731268	1.54682	0.986858	0.996834	0.880564	0.18561	0.3	ground	0	down
123	70.401	0.546257	5.46323	0.909101	0.919465	5.17395	1.9305	2.68011	2.87756	2.40687	1.7637	0.486871	0.973466	1.32424	1.05809	0.995105	0.902035	0.0695898	0.6	ground	0	down
124	70.882	0.0153584	4.08737	0.996256	0.937971	4.45935	1.92308	2.31886	3.32086	1.47474	2.23883	0.642574	0.621543	1.12929	1.04836	0.994157	0.856191	0.0681132	0.45	ground	0	down
125	71.399	-0.750582	2.18715	0.744502	0.891804	3.26143	2.08768	1.56222	3.12445	2.04878	4.55626	1.26867	0.875432	0.779448	1.12259	0.996244	0.772365	0.0652822	0.3	ground	0	down
126	71.938	-1.30567	0.0438084	0.0324632	0.730284	2.81412	1.67224	1.68285	3.69482	2.21405	7.64325	1.91246	0.951181	0.853315	0.908357	0.99586	0.65216	0.147016	0.3	ground	0	ground
127	72.419	0.0795762	-0.110886	0.58219	0.652903	1.63315	2.17391	0.75125	1.99275	1.39386	5.25661	1.27508	0.623845	0.406072	1.15989	0.996908	0.564092	0.110091	0.4	ground	0	ground
128	73.054	0.757889	1.7609	0.699106	0.610904	2.01209	1.66113	1.21128	1.59765	1.99091	2.89315	0.723357	0.900878	0.678144	0.896485	0.603017	0.715229	0.0422574	0.55	ground	0	ground
129	73.536	0.139577	-0.322807	0.698134	0.551279	2.24967	1.8622	1.20807	2.11494	2.17351	1.62122	0.430973	0.985132	0.698973	1.0045	0.59473	0.705253	0.0337878	0.3	ground	0	ground
130	74.136	0.234404	0.785104	0.77008	0.556395	1.94474	1.67504	1.16101	1.11494	1.11196	1.05279	0.301584	0.530293	0.694541	0.912342	0.518202	0.771723	0.0466738	0.8	ground	0	ground
131	74.753	0.420241	1.42856	0.772695	0.704441	1.94164	1.92308	1.00965	2.06969	0.669754	0.733234	0.228058	0.342731	0.6289	1.04249	0.503617	0.645373	0.101073	0.7	stair	0	ground
132	75.43	1.29901	3.64325	0.737163	0.735436	2.22088	1.67224	1.32809	1.51011	2.38266	1.87581	0.583434	1.21927	0.827252	0.906516	0.505618	0.753551	0.219098	0.7	stair	0	down
133	75.97	-0.848585	5.36083	0.863339	0.768282	4.11683	1.51745	2.71299	1.70338	2.74996	4.67639	1.4545	1.40723	1.68989	0.822605	0.888423	0.908609	0.0927204	0.5	stair	0	down
134	76.511	0.661707	4.62237	0.874773	0.80361	5.00628	1.85529	2.69838	2.9084	1.68116	3.66121	1.13875	0.860296	1.68079	1.00574	0.890008	0.895654	0.28613	0.2	ground	0	down
135	77.028	-0.759865	3.55533	0.823909	0.814376	4.88069	1.84162	2.65022	1.80783	1.77748	2.45406	0.781794	0.917881	1.54992	0.998502	0.957234	0.929458	0.023092	0.75	ground	0	down
136	77.589	1.74966	8.39261	0.827488	0.825334	4.66499	1.93798	2.40714	3.32096	5.44949	4.24899	1.30738	2.38198	1.35261	1.04544	0.966629	0.866741	0.0152101	0.3	ground	0	down
137	78.086	1.52851	6.53473	0.810435	0.839989	5.36715	1.85874	2.88753	3.16911	1.87099	3.9737	1.19604	0.832989	1.52746	1.00242	0.979233	0.900807	0.066323	0.3	ground	0	down
138	78.647	1.50884	7.52903	0.833054	0.833932	5.4856	1.92678	2.84702	4.27516	0.994496	4.08695	1.20246	0.46889	1.43349	1.03507	0.982854	0.874697	0.0768661	0.3	ground	0	down
139	79.123	1.53312	1.87419	0.55005	0.768987	4.35326	1.92678	2.25934	2.14787	5.6549	6.97442	1.85668	2.28541	1.12215	1.03145	0.986369	0.89816	0.0723308	0.6	ground	0	down
140	79.665	1.11557	5.11593	0.820979	0.768401	5.03585	1.79211	2.81	3.14975	3.26852	5.26048	1.34649	1.27988	1.34253	0.963278	0.986653	0.889494	0.190459	0.3	ground	0	down
141	80.141	0.799345	6.66315	0.892885	0.78148	5.59758	2.00401	2.79319	2.62621	1.57921	4.052	1.03332	0.642919	1.29131	1.06892	0.998824	0.92239	0.0708062	0.3	ground	0	down
142	80.641	-0.272261	4.16674	0.938666	0.807127	4.95192	2.17391	2.27788	4.33392	2.71669	4.36234	1.10009	1.0944	1.04752	1.14134	0.997315	0.849224	0.0531239	0.3	ground	0	down
143	81.12	-0.760241	1.4248	0.652069	0.77093	3.51648	2.00401	1.75472	2.66025	2.78503	4.62424	1.14708	1.10842	0.82282	1.04668	0.997474	0.821457	0.0364189	0.3	ground	0	down
144	81.677	0.723111	2.26205	0.757764	0.812473	2.97887	1.9305	1.54306	5.15693	1.70333	4.10671	1.0168	0.70047	0.744136	1.00745	0.941284	0.598562	0.00824179	0.3	ground	0	ground
145	82.18	-0.00926846	2.24068	0.99588	0.847453	2.42587	2.00401	1.21051	2.93521	0.732691	3.9065	0.970411	0.323943	0.60912	1.04104	0.931097	0.660883	0.075694	0.3	ground	0	ground
146	82.676	1.0569	1.78913	0.62864	0.794604	3.03738	1.78571	1.70093	3.59239	1.15785	1.33407	0.355141	0.538186	0.86841	0.934405	0.903	0.716483	0.0824072	0.6	ground	0	ground
147	83.255	0.285441	1.10167	0.794219	0.765714	2.08418	1.7301	1.20466	2.91418	1.03332	0.598642	0.17399	0.506633	0.639662	0.913961	0.887604	0.59694	0.050103	0.5	ground	0	ground
148	83.735	0.0064537	2.43339	0.997354	0.834772	3.15214	2.08768	1.50987	6.17971	1.36063	0.406106	0.129448	0.690081	0.817947	1.09163	0.895454	0.616198	0.0429248	0.5	ground	0	ground
149	84.413	0.248996	2.44233	0.907482	0.864715	1.62056	1.6129	1.00474	2.17317	0.242708	0.409765	0.143051	0.134928	0.57029	0.856792	0.933236	0.546675	0.11123	0.5	ground	0	ground
150	84.933	-0.559825	0.824274	0.59553	0.784645	2.06784	1.7301	1.19521	5.60674	1.80895	0.715718	0.270123	1.00508	0.700941	0.926551	0.940895	0.432624	0.0949269	0.4	ground	0	ground
151	85.553	0.0511057	2.09329	0.976167	0.85415	2.08884	1.79211	1.16557	3.62943	1.40842	0.559323	0.229177	0.799935	0.705895	0.963638	0.971248	0.545769	0.0231731	0.2	ground	0	ground
152	86.065	-0.65497	1.47683	0.692762	0.833859	2.00608	1.72414	1.16352	4.13825	0.937322	0.516748	0.229851	0.558483	0.726101	0.933896	0.984936	0.493017	0.022879	0.2	ground	0	ground
153	86.688	0.556803	1.98474	0.780919	0.790572	2.15225	1.79211	1.20096	3.06003	1.31391	0.534852	0.25753	0.800243	0.76872	0.973567	0.985734	0.602107	0.0396744	0.2	ground	0	ground
154	87.203	-0.631115	0.388528	0.381043	0.685284	2.21682	1.72712	1.28354	3.68563	1.98973	0.663806	0.342955	1.18671	0.836507	0.944085	0.998408	0.567879	0.23819	0.6	ground	0	ground
155	87.809	0.0737195	1.94113	0.963411	0.75886	1.67138	1.78891	0.934302	2.85922	1.7051	0.612039	0.339419	1.01523	0.633685	0.980032	0.999359	0.487654	0.260257	0.4	ground	0	ground
156	88.32	0.128987	0.440747	0.7736	0.718347	2.04929	1.78891	1.14555	3.2568	1.5014	0.71397	0.421401	0.903528	0.79469	0.981993	0.998737	0.558329	0.284078	0.6	ground	0	ground
157	88.987	-0.644471	2.69781	0.807176	0.74123	2.04414	1.7331	1.17947	3.08175	2.38591	1.06275	0.651544	1.37586	0.833365	0.956009	0.768887	0.575412	0.022764	0.25	ground	0	ground
158	89.506	1.85487	0.622314	0.251218	0.63529	1.60457	1.66667	0.962742	2.85459	3.24875	1.70274	1.03934	1.72294	0.702705	0.926836	0.767685	0.469925	0.0250615	0	ground	0	ground
