dataset	stepIdx	gt	nSamples	trajAngle	aspectRatio	zRange	yRange	zDominance	netZ	netY	loopArea	rmsY	rmsZ
일반보행	1	ground	35	88.4657	2.0549	4.1536	2.3832	0.6354	3.6219	0.1215	1.4026	0.6818	1.6345
일반보행	2	ground	26	75.1159	2.1119	5.5558	3.7987	0.5939	-1.4293	-0.1503	12.6552	0.9579	2.1573
일반보행	3	ground	29	87.8690	3.0323	4.8026	2.1494	0.6908	-0.4049	0.4608	6.2193	0.8972	1.8362
일반보행	4	ground	27	83.0671	2.7134	7.8791	2.9050	0.7306	0.1520	0.3600	7.9090	0.8924	2.1874
일반보행	5	ground	34	74.8634	1.9284	9.3789	4.2611	0.6876	-0.3228	0.9737	6.9983	1.1819	2.1071
일반보행	6	ground	30	64.7931	3.3560	5.6971	3.2214	0.6388	0.2203	-2.3421	2.5871	0.9668	1.8967
일반보행	7	ground	58	1.9264	1.1797	3.1767	3.1762	0.5000	-0.7937	-0.4747	4.4289	0.9133	0.8930
일반보행	8	ground	26	51.0372	1.1976	3.0908	3.3644	0.4788	-0.0003	0.8005	5.1169	1.1005	1.0338
일반보행	9	ground	37	71.2752	2.3883	6.7808	3.7370	0.6447	1.2002	0.2986	10.6752	0.8309	1.5130
일반보행	10	ground	30	77.5123	2.7085	6.3505	3.3224	0.6565	-1.1014	-0.5304	11.4205	0.7541	1.8330
일반보행	11	ground	28	89.8782	2.0589	6.3965	2.3327	0.7328	-0.4485	1.0159	9.4151	0.8662	1.5776
일반보행	12	ground	30	73.7777	3.3003	4.9692	2.0702	0.7059	-0.0729	-1.1372	1.6722	0.5303	1.2803
일반보행	13	ground	28	86.2141	3.5700	7.7105	1.9545	0.7978	0.9850	0.5523	5.1499	0.6345	1.9635
일반보행	14	ground	26	79.8863	5.3679	5.8884	1.6878	0.7772	-1.0027	-0.6973	1.6010	0.5182	1.6190
일반보행	15	ground	29	88.2498	2.6949	5.4689	1.8166	0.7507	0.7820	1.0108	3.3154	0.5271	1.4205
일반보행	16	ground	26	70.6915	3.4597	4.4248	2.5410	0.6352	0.8642	-0.9639	3.5065	0.7172	1.5041
일반보행	17	ground	33	75.0072	1.8242	3.7288	2.6002	0.5892	-0.3116	0.5330	2.2850	0.6676	1.1084
일반보행	18	ground	26	84.3412	3.4816	3.7043	1.4295	0.7216	-0.9629	-0.2339	0.7778	0.4025	1.2669
일반보행	19	ground	33	89.0084	1.8692	5.1297	3.0646	0.6260	0.6343	1.0243	6.5525	0.7337	1.3281
일반보행	20	ground	27	71.6084	3.3046	4.6953	1.9670	0.7048	-0.2853	-1.1791	2.8990	0.6271	1.3084
일반보행	21	ground	30	82.0951	2.1789	4.7256	2.9886	0.6126	-0.2073	0.2535	5.2889	0.6847	1.3817
일반보행	22	ground	28	79.0570	3.8719	5.0489	2.0309	0.7131	0.4940	-0.2671	2.8633	0.5296	1.5064
일반보행	23	ground	30	87.9348	2.1096	4.7171	2.4485	0.6583	-1.1790	0.3729	4.4403	0.6458	1.3431
일반보행	24	ground	28	87.2578	2.6412	4.8371	2.3308	0.6748	1.4612	-1.2931	0.0799	0.5927	1.3275
일반보행	25	ground	31	85.9603	1.9145	4.2177	3.3173	0.5598	0.4744	2.1664	2.6210	0.7105	1.3514
일반보행	26	ground	27	76.1893	4.2507	6.2707	2.2477	0.7361	-1.7114	-1.3491	0.3372	0.7504	1.8310
일반보행	27	ground	30	87.4821	2.4194	5.4758	2.6154	0.6768	1.9439	1.0197	3.7512	0.7377	1.7070
일반보행	28	ground	27	65.4519	2.9185	5.2702	3.6868	0.5884	-2.0275	-0.5527	2.3075	0.9201	1.6092
일반보행	29	ground	31	86.8682	2.6362	4.7216	1.8339	0.7202	1.0252	0.3406	3.2361	0.5558	1.3770
일반보행	30	ground	27	78.3142	6.2807	5.2269	1.3502	0.7947	-1.0190	-0.4926	1.1871	0.4425	1.5062
일반보행	31	ground	30	83.3851	2.0310	4.6033	2.5594	0.6427	0.7394	0.1646	5.8243	0.6933	1.3638
일반보행	32	ground	26	75.1425	3.5740	5.0736	2.5834	0.6626	-0.6745	0.2349	3.0705	0.6812	1.7228
일반보행	33	ground	32	80.6920	2.3239	5.5903	2.2992	0.7086	0.0668	0.1171	6.0981	0.7247	1.4687
일반보행	34	ground	28	69.0322	4.0895	4.8716	2.0811	0.7007	-0.3917	-0.7879	1.1307	0.6998	1.3479
일반보행	35	ground	31	70.3512	2.1205	5.5571	3.0171	0.6481	1.2889	0.4991	6.0252	0.8001	1.3742
일반보행	36	ground	27	82.8979	5.1614	5.1876	1.2725	0.8030	-0.8631	0.0028	1.3340	0.4573	1.6315
일반보행	37	ground	30	88.4947	2.7076	5.8406	2.0521	0.7400	0.1748	0.3811	6.4239	0.5950	1.5433
일반보행	38	ground	27	73.8918	4.0203	5.3106	2.5240	0.6778	-0.6416	-0.2913	1.8442	0.6437	1.6560
일반보행	39	ground	30	79.0426	2.3287	6.8339	3.2731	0.6762	1.0242	0.2483	11.2119	0.8490	1.7073
일반보행	40	ground	28	75.1692	4.7157	5.1001	1.7432	0.7453	-0.9220	-0.1770	0.4270	0.5268	1.4793
일반보행	41	ground	29	88.3528	2.3230	5.6489	2.2267	0.7173	0.8837	0.1451	6.6758	0.6176	1.4395
일반보행	42	ground	28	69.3536	3.5798	5.2201	2.5085	0.6754	-0.7221	-0.3199	0.2641	0.7008	1.4879
일반보행	43	ground	31	86.2402	2.4826	5.3370	2.8234	0.6540	1.9246	0.5562	6.7666	0.6613	1.5507
일반보행	44	ground	27	73.0716	5.1812	6.0998	2.3432	0.7225	-1.1990	-0.3713	0.4735	0.7016	1.9423
일반보행	45	ground	32	86.3596	2.5274	5.6376	2.6652	0.6790	0.8134	0.3837	7.5245	0.6823	1.6870
일반보행	46	ground	26	80.4280	3.9348	6.2590	1.8039	0.7763	-1.4100	-0.6905	1.2885	0.5685	1.7905
일반보행	47	ground	30	89.5432	3.2546	6.1743	2.0370	0.7519	0.5517	0.1870	5.4615	0.5453	1.7718
일반보행	48	ground	27	75.0687	3.4043	6.2065	2.4263	0.7189	0.2419	-1.0413	1.4357	0.7062	1.7758
일반보행	49	ground	30	86.3362	2.4959	5.7857	2.6448	0.6863	-0.7902	1.2481	5.2011	0.7353	1.7791
일반보행	50	ground	27	76.5341	4.0117	7.2518	2.7239	0.7269	0.6923	-0.7017	6.4588	0.7622	2.0884
일반보행	51	ground	32	81.0701	2.3768	4.3402	2.0890	0.6751	-0.1541	1.1720	4.0766	0.6953	1.4287
일반보행	52	ground	26	84.9910	3.9997	5.4863	1.7523	0.7579	-0.8448	-0.7581	0.1298	0.4341	1.5026
일반보행	53	ground	30	85.7802	2.7771	6.2901	2.4248	0.7218	1.6128	0.7430	7.8637	0.7003	1.8952
일반보행	54	ground	26	77.6281	4.4948	7.3659	2.3424	0.7587	-1.0923	-0.9178	0.3696	0.6826	2.0419
일반보행	55	ground	30	87.6775	2.7346	5.1409	2.1775	0.7025	0.8831	0.7963	4.9184	0.6375	1.6259
일반보행	56	ground	27	80.1654	5.2419	7.0007	2.0150	0.7765	-0.2553	-0.2271	0.3059	0.5060	1.9123
일반보행	57	ground	29	80.8324	3.7840	6.3456	2.1929	0.7432	1.2285	0.1047	3.5331	0.6181	1.9798
일반보행	58	ground	26	70.2231	3.9003	7.2088	3.8441	0.6522	-1.0665	-0.5328	1.2095	0.9610	2.1846
일반보행	59	ground	31	72.3456	2.7288	5.3886	3.1081	0.6342	1.0895	1.2768	5.5563	0.8419	1.7360
일반보행	60	ground	27	72.5679	4.2679	7.3156	2.6118	0.7369	-1.2738	-1.8608	3.1578	0.7712	1.9391
일반보행	61	ground	29	82.4046	2.7023	6.7526	2.7010	0.7143	-0.2183	1.6217	7.2417	0.8435	1.8878
일반보행	62	ground	26	71.6537	3.8554	6.6602	3.0670	0.6847	-0.1128	-0.7347	3.0514	0.7669	1.7815
일반보행	63	ground	30	86.4522	2.6584	5.0091	2.0330	0.7113	0.4364	0.2334	4.9342	0.6418	1.5306
일반보행	64	ground	27	77.0711	4.4594	8.0644	3.0540	0.7253	-0.8477	-0.6520	2.8245	0.6535	1.9828
일반보행	65	ground	30	87.5497	2.8231	5.5647	1.9408	0.7414	0.5228	1.3034	3.6512	0.8999	1.6646
일반보행	66	ground	31	68.3353	2.6571	7.2411	3.4310	0.6785	-0.6129	-0.7872	0.5893	0.8854	1.6142
일반보행	67	ground	27	67.0545	2.6016	6.7263	3.7182	0.6440	0.2990	-0.3583	11.6855	1.0733	1.6856
일반보행	68	ground	30	85.6649	3.8209	7.4095	2.2645	0.7659	-0.0906	-0.5837	0.6007	0.7037	2.0068
일반보행	69	ground	31	84.3001	2.6014	7.3505	4.0248	0.6462	1.2668	2.2518	1.9354	0.9022	2.0363
일반보행	70	up	26	83.2979	1.9738	5.4391	2.9662	0.6471	-0.8844	-1.3344	2.3641	0.7915	1.5749
일반보행	71	up	33	72.4982	2.1727	4.3483	3.3400	0.5656	-0.2693	-0.4188	4.6851	0.7726	1.3959
일반보행	72	up	29	83.1691	2.9029	6.3177	2.7207	0.6990	0.1705	0.1347	7.6362	0.7776	1.7676
일반보행	73	up	31	80.4685	2.2814	3.8893	2.6521	0.5946	0.0922	0.4846	5.7537	0.5943	1.1172
일반보행	74	up	27	89.0493	2.1163	6.0060	2.9243	0.6725	-0.7260	-1.3847	6.0155	0.8561	1.6262
일반보행	75	up	30	85.0580	2.5658	5.3033	2.5425	0.6759	0.1384	1.0915	4.3236	0.6000	1.5200
일반보행	76	up	29	78.8389	4.0566	5.5233	2.0440	0.7299	0.1555	-0.1738	4.6550	0.5778	1.6285
일반보행	77	up	32	84.9815	2.6482	5.2493	2.2486	0.7001	0.2894	0.1610	6.1076	0.5693	1.3967
일반보행	78	up	31	87.1260	5.1520	5.2986	1.2356	0.8109	0.2669	-0.1632	2.6540	0.3785	1.5284
일반보행	79	up	31	87.3452	3.2278	6.4453	2.5211	0.7188	0.1128	0.3233	5.6210	0.6475	1.7801
일반보행	80	up	34	73.6739	3.9381	4.3546	2.3803	0.6466	0.0545	-0.7814	2.5741	0.6959	1.4868
일반보행	81	up	28	87.1133	3.4442	6.2821	2.3891	0.7245	-0.6551	0.6542	6.4600	0.6900	2.0384
일반보행	82	ground	39	81.9062	2.1965	5.0556	2.3826	0.6797	0.7565	-0.9476	3.6481	0.8601	1.3689
일반보행	83	ground	31	87.8703	2.1948	4.2862	2.0300	0.6786	0.2948	0.4067	4.3357	0.6067	1.3071
일반보행	84	ground	26	87.4966	2.5784	4.9007	2.0410	0.7060	-1.0665	0.0188	2.9571	0.9004	1.4254
일반보행	85	ground	33	76.4864	2.4589	5.3505	2.8762	0.6504	0.6789	0.1804	1.8460	0.6941	1.4549
일반보행	86	ground	27	76.0520	2.7468	5.5453	3.3002	0.6269	0.1800	0.2399	6.7333	0.9337	1.5575
일반보행	87	ground	29	86.0056	2.4615	5.0201	2.4096	0.6757	-0.7873	-0.0912	8.8283	0.6215	1.4355
일반보행	88	up	37	72.5054	2.0524	6.3937	3.6826	0.6345	-0.1387	0.7874	4.8768	0.8367	1.4497
일반보행	89	up	31	81.8779	2.6977	5.8498	2.3219	0.7159	-0.3086	0.0553	6.5451	0.8385	1.4073
일반보행	90	up	34	75.2162	2.5047	5.9456	3.4428	0.6333	1.0297	0.0987	10.9148	0.7621	1.5554
일반보행	91	up	30	83.9962	2.2264	5.3946	2.8359	0.6554	-0.3975	-1.1864	7.7321	0.8110	1.4383
일반보행	92	up	30	84.4395	4.0703	5.8423	1.6386	0.7810	0.2753	0.4400	2.6191	0.5100	1.7379
일반보행	93	up	30	81.5232	4.5719	5.9560	2.1295	0.7366	-0.1595	0.0148	4.2285	0.7034	2.0828
일반보행	94	up	31	86.0377	4.4663	6.7582	1.9055	0.7801	0.4955	-0.0131	0.2440	0.5320	2.1223
일반보행	95	up	33	82.3051	3.7084	6.7839	2.7347	0.7127	-0.7232	-0.7034	7.9297	0.6782	2.1476
일반보행	96	up	31	84.8143	3.7557	6.6265	2.4724	0.7283	-0.1065	0.2295	2.7339	0.6592	2.0940
일반보행	97	up	30	82.8372	3.0881	6.3421	2.8077	0.6931	-0.0633	0.1092	8.7316	0.8058	1.9920
일반보행	98	up	33	82.2735	3.3133	6.2372	2.4574	0.7174	0.0417	-0.4871	2.2449	0.6146	1.6711
일반보행	99	ground	35	84.8893	4.8318	8.8011	2.7775	0.7601	0.4079	0.2715	11.2606	0.5427	2.3903
일반보행	100	ground	28	77.1710	4.6474	6.2043	2.0448	0.7521	-0.6965	0.3313	3.5210	0.9130	1.7729
일반보행	101	ground	34	79.0366	1.9145	5.9638	3.1126	0.6571	-0.8811	0.5823	6.3314	0.9758	1.6072
일반보행	102	ground	26	81.0866	3.8727	7.4745	2.2975	0.7649	1.2730	-0.6796	1.3790	0.6283	1.8891
일반보행	103	ground	30	80.3000	2.4314	6.6371	2.3041	0.7423	0.9416	0.5841	6.5282	0.7376	1.6269
일반보행	104	ground	27	72.0922	4.9217	7.8134	3.1915	0.7100	-1.2337	-0.4956	1.4935	0.8055	2.1029
일반보행	105	ground	31	81.0437	2.8036	6.7861	2.9889	0.6942	1.1657	0.9466	8.5710	1.0802	1.7933
일반보행	106	ground	28	77.5043	4.0569	7.1150	2.4033	0.7475	-1.3213	-0.2079	1.9127	0.7137	1.8966
일반보행	107	ground	29	76.7017	2.2528	4.8124	2.6147	0.6479	0.7109	0.8494	7.9727	1.3067	1.5273
일반보행	108	ground	29	83.6698	1.9403	7.4008	3.9759	0.6505	-0.9269	-0.9556	0.1527	1.0487	1.9021
일반보행	109	ground	31	78.0147	1.6109	4.9549	2.7794	0.6406	0.6412	-0.1690	3.4965	1.2216	1.2924
일반보행	110	ground	33	73.3586	2.2500	6.2896	2.7516	0.6957	1.3757	0.3072	10.3829	0.8083	1.4221
일반보행	111	ground	25	83.4665	2.3804	6.5447	2.4420	0.7283	-1.1674	-0.2137	11.4894	1.5001	1.9392
일반보행	112	ground	30	87.9171	3.1536	7.1090	2.1459	0.7681	-0.9664	-1.0197	5.6851	0.6785	1.7935
일반보행	113	ground	31	75.0807	1.5746	5.6162	3.1284	0.6423	1.3267	0.3167	10.0331	0.9971	1.3431
일반보행	114	ground	28	83.4448	4.0265	7.0802	2.0313	0.7771	-0.8433	-0.3625	3.8932	0.4743	1.7388
일반보행	115	ground	29	86.1424	1.7406	6.8961	3.9604	0.6352	0.2636	0.2809	16.7178	1.1059	1.9203
일반보행	116	ground	28	69.6464	3.5539	6.2265	3.7344	0.6251	-0.9916	0.1204	5.6560	0.8649	1.8260
일반보행	117	ground	31	70.0325	2.8534	6.0367	3.3102	0.6459	1.5823	0.6838	5.8364	0.7892	1.5455
일반보행	118	ground	28	74.1420	4.4322	7.4190	3.5197	0.6782	-0.6105	-0.4937	2.7758	0.7720	2.1367
일반보행	119	ground	32	72.8234	3.6725	7.0745	3.0236	0.7006	-0.3429	0.9076	3.2536	0.7835	1.7127
일반보행	120	down	37	87.9591	2.6819	6.5756	3.0025	0.6865	3.2503	-0.1108	11.9802	0.6582	1.7606
일반보행	121	down	26	87.2774	5.0705	8.5841	2.3593	0.7844	-0.9109	-1.2462	3.9660	1.0989	2.9550
일반보행	122	down	29	89.7207	3.5926	8.1085	3.3630	0.7068	1.8534	1.4182	6.9862	1.0358	2.9004
일반보행	123	down	26	88.0752	6.5926	10.8713	2.3439	0.8226	-0.7295	-1.6340	2.7249	0.7120	3.8070
일반보행	124	down	30	89.7418	4.3002	10.6519	3.0589	0.7769	0.8134	0.0167	3.2500	0.9833	3.6302
일반보행	125	down	26	86.7517	5.2315	11.5289	3.1328	0.7863	0.2205	0.3153	15.1576	0.8830	3.8048
일반보행	126	down	28	89.7432	4.8447	11.3913	2.7397	0.8061	-2.5041	0.6656	4.9272	0.8410	3.4189
일반보행	127	down	27	89.1322	5.5739	9.8316	2.3765	0.8053	-2.2207	0.4782	2.5096	0.8391	3.1982
일반보행	128	down	29	87.4489	3.0623	8.9617	3.2498	0.7339	3.6313	-0.0639	14.6509	1.0990	2.9080
일반보행	129	down	27	84.7131	7.5198	11.4151	2.2919	0.8328	0.9644	0.4874	2.3430	0.7904	3.7143
일반보행	130	down	28	86.8374	3.0595	11.4623	3.9520	0.7436	-3.0420	-1.1252	13.1879	1.1791	3.4432
일반보행	131	down	26	86.2359	4.4869	8.8702	2.2219	0.7997	-1.8224	1.1635	1.1157	0.9627	2.4347
일반보행	132	ground	33	82.0200	1.8549	4.5233	2.7418	0.6226	2.8262	0.0605	0.1246	0.7718	1.4933
일반보행	133	ground	29	75.4071	3.7282	6.4328	2.2991	0.7367	-2.7305	-0.9589	7.7458	0.9331	1.8162
일반보행	134	ground	28	80.5899	3.8721	6.1801	1.6184	0.7925	1.0809	0.9132	2.2142	0.6230	1.6229
일반보행	135	ground	27	68.0757	1.8701	5.7345	3.4200	0.6264	0.0302	-1.5117	13.8603	1.7801	1.6694
일반보행	136	ground	27	78.6782	3.1800	5.4671	3.4180	0.6153	-0.6465	0.7219	3.9297	0.6845	1.8465
일반보행	137	ground	31	81.2324	2.0766	3.6445	2.0268	0.6426	0.2975	0.4257	6.7225	0.7663	1.0827
일반보행	138	down	37	86.2973	3.1909	5.7165	1.8340	0.7571	0.5066	-1.0928	5.8255	0.4524	1.4251
일반보행	139	down	27	81.2389	4.3145	6.8939	2.0895	0.7674	0.1049	0.7436	1.7212	0.7482	2.0131
일반보행	140	down	31	89.2183	4.5783	8.1645	1.8545	0.8149	1.8046	-0.4951	1.0283	0.6437	2.3898
일반보행	141	down	28	83.7709	6.5093	8.8447	2.2875	0.7945	1.5829	1.5403	3.1219	0.7260	3.0752
일반보행	142	down	28	87.3279	3.1178	11.7745	4.3162	0.7318	-2.5347	-1.8176	6.2590	1.3679	3.3589
일반보행	143	down	28	89.1619	7.3688	10.1973	1.6564	0.8603	3.1407	0.2409	3.8342	0.6494	3.0547
일반보행	144	down	29	84.8855	2.9796	9.9309	3.2148	0.7554	-4.9894	-1.3203	0.4280	1.0728	2.6270
일반보행	145	down	28	86.2596	6.1041	9.4505	2.7899	0.7721	4.1893	2.5068	2.3327	0.7126	3.1296
일반보행	146	down	29	86.4301	3.6176	8.0093	2.8033	0.7407	-2.6347	-0.5276	8.8846	0.7888	2.4467
일반보행	147	down	27	87.0105	6.6005	9.6561	2.4858	0.7953	3.0581	-0.5702	5.8685	0.7585	3.0189
일반보행	148	down	28	87.9940	3.7857	10.9202	3.6568	0.7491	-0.7010	0.7690	8.6971	0.9356	3.5144
일반보행	149	down	28	82.0661	4.1194	8.6981	2.9659	0.7457	-0.5478	-1.7103	0.4957	1.0082	2.9728
일반보행	150	ground	27	87.8718	3.8322	8.9797	2.7390	0.7663	-1.2522	0.4249	2.5872	0.7700	2.7304
일반보행	151	ground	26	85.6260	3.4844	7.2561	2.1541	0.7711	0.0579	1.3565	6.3234	0.7797	1.8274
일반보행	152	ground	27	79.4510	5.2180	6.6017	2.1286	0.7562	-2.0268	-1.1065	2.5132	0.5817	1.9031
일반보행	153	ground	29	77.0177	2.8522	7.0426	2.8807	0.7097	-0.2314	0.1709	10.2124	0.7507	1.7462
일반보행	154	ground	29	71.5964	3.5221	7.8809	3.3869	0.6994	0.5082	-0.2635	9.8701	1.1890	1.8605
일반보행	155	ground	29	86.3775	3.6936	8.1922	1.9959	0.8041	-0.4515	-0.2827	5.4048	0.6237	2.1600
일반보행	156	ground	27	73.0768	3.1780	6.9142	3.3450	0.6740	1.5535	0.9246	2.4241	1.1011	1.9174
일반보행	157	ground	32	89.1225	3.7765	6.9242	1.5540	0.8167	-1.5604	-0.7616	6.5080	0.5423	1.7237
일반보행	158	ground	27	86.8550	2.5158	5.3783	2.1489	0.7145	-0.0219	-0.0887	3.4060	0.6043	1.4800
일반보행	159	ground	33	78.5479	2.7624	7.7795	3.3955	0.6962	1.1394	1.4647	16.6245	0.8443	1.7790
일반보행	160	ground	25	87.1710	5.2764	5.4320	1.1540	0.8248	-1.0230	-0.0295	0.2253	0.6917	1.4986
살살걸음	1	ground	30	89.9105	1.6840	6.7911	3.9750	0.6308	1.2063	-1.7803	0.2731	1.5657	2.6051
살살걸음	2	ground	28	74.9953	1.4598	4.6708	3.9343	0.5428	-2.0757	2.1473	1.3012	1.6955	1.8014
살살걸음	3	ground	88	47.1683	1.7046	4.0675	3.9466	0.5075	0.6635	0.5673	7.6157	0.8064	1.4020
살살걸음	4	ground	32	53.4656	1.9887	6.6676	5.1079	0.5662	1.6188	-1.2620	13.8729	1.3337	1.8210
살살걸음	5	ground	26	66.2397	2.3357	5.7577	4.2077	0.5778	-1.9045	0.8462	11.3197	1.0189	1.7935
살살걸음	6	ground	31	60.3575	3.5476	7.2699	4.0353	0.6431	2.5766	-2.5185	7.4203	1.0597	1.8049
살살걸음	7	ground	26	58.6217	2.7712	6.1577	4.7843	0.5628	-1.3337	2.7006	8.3285	1.2213	1.7499
살살걸음	8	ground	29	66.0810	1.3964	3.5708	2.7972	0.5607	-0.9219	-0.1028	4.1327	0.8017	1.1547
살살걸음	9	ground	30	66.6485	2.0408	3.9787	2.7222	0.5938	1.1738	0.1338	4.4062	0.7127	1.1573
살살걸음	10	ground	31	65.8471	1.4447	3.0177	2.6651	0.5310	-0.3093	-0.6524	3.3226	0.7322	0.9864
살살걸음	11	ground	27	52.7585	2.0489	4.2271	3.9902	0.5144	-0.2729	1.3203	4.8742	1.0213	1.2616
살살걸음	12	ground	32	84.2626	1.6419	5.0391	3.0615	0.6221	0.0322	-0.8256	6.8991	0.8624	1.4071
살살걸음	13	ground	30	49.5385	1.6026	4.6353	3.9577	0.5394	-0.2108	0.8124	8.5799	1.1251	1.2103
살살걸음	14	ground	31	73.5826	1.2719	3.5387	3.2050	0.5247	0.2024	-0.1470	4.5941	0.8382	1.0558
살살걸음	15	ground	29	59.3943	2.0042	5.0187	3.9022	0.5626	-0.1347	-0.1077	6.1774	1.0591	1.4298
살살걸음	16	ground	33	63.6764	1.8141	5.0614	3.2415	0.6096	0.6232	-1.2165	4.9447	0.9866	1.3879
살살걸음	17	ground	27	56.6871	1.8395	4.5288	3.9166	0.5362	-0.3731	1.9480	6.5734	1.0339	1.2916
살살걸음	18	ground	31	75.4843	1.5775	4.9412	3.9336	0.5568	-0.1790	-1.5736	8.4395	0.9819	1.4575
살살걸음	19	ground	27	62.2146	2.9428	6.5748	4.4903	0.5942	-0.1412	0.8811	8.5777	1.0310	1.6762
살살걸음	20	ground	33	57.5117	1.9746	4.5339	3.4074	0.5709	1.7672	-1.2055	1.8610	0.8626	1.1235
살살걸음	21	ground	26	66.8163	3.3507	6.4908	4.2766	0.6028	-2.0642	1.6571	8.8562	1.0138	1.9503
살살걸음	22	ground	31	56.6778	2.9617	6.0589	4.4668	0.5756	1.5231	-1.9584	4.8558	1.1785	1.6383
살살걸음	23	ground	27	67.9967	2.4997	5.7822	3.6278	0.6145	-1.0092	1.4546	6.2235	1.0319	1.8454
살살걸음	24	ground	32	54.8374	2.2408	5.0104	4.0879	0.5507	0.8499	-1.5526	4.0778	1.0674	1.3551
살살걸음	25	ground	28	60.1325	3.0556	5.2835	3.9956	0.5694	-0.3368	1.2154	4.6256	0.9678	1.4728
살살걸음	26	ground	30	55.3137	1.7268	4.0697	3.9261	0.5090	0.3066	-0.4655	3.1425	1.0736	1.2824
살살걸음	27	ground	28	65.6431	2.6766	6.1334	4.3243	0.5865	-0.9727	1.2882	7.1881	1.0151	1.7420
살살걸음	28	ground	32	68.6524	1.7259	4.6441	3.2698	0.5868	1.9620	-2.5304	0.7525	1.0421	1.5291
살살걸음	29	ground	26	57.7421	3.4219	5.8101	4.3890	0.5697	-2.3859	2.2157	7.0104	1.1160	1.6410
살살걸음	30	ground	31	66.6702	2.0183	5.3546	3.5367	0.6022	1.4515	-1.2308	5.3068	0.8766	1.3670
살살걸음	31	ground	28	65.6463	3.4065	5.5768	3.4770	0.6160	-1.1253	1.1221	4.6475	0.8266	1.5244
살살걸음	32	ground	31	62.9661	2.8027	6.1808	4.0910	0.6017	1.2626	-1.6392	1.9189	0.9470	1.5434
살살걸음	33	ground	26	57.2856	3.4676	5.8025	4.1733	0.5817	-1.0372	1.5307	5.0820	1.0783	1.5533
살살걸음	34	ground	32	72.7118	2.3639	5.2058	2.9718	0.6366	0.9977	-1.4171	1.6459	0.8147	1.5649
살살걸음	35	ground	26	61.7542	3.1462	4.9469	3.8013	0.5655	-1.2243	0.7494	4.7235	0.9319	1.5207
살살걸음	36	ground	32	73.8520	1.7588	4.1868	2.9446	0.5871	0.6946	-0.2632	4.6233	0.8306	1.3072
살살걸음	37	ground	28	62.3299	3.1990	5.6261	3.9728	0.5861	-0.4822	1.3814	3.4610	0.9729	1.6147
살살걸음	38	ground	31	77.0495	1.5391	5.3341	3.4955	0.6041	0.8149	-1.1542	6.3653	1.0128	1.4804
살살걸음	39	ground	27	66.7358	2.7580	5.2474	3.5981	0.5932	-0.8328	1.0077	6.1665	0.9103	1.6408
살살걸음	40	ground	31	72.6269	1.7138	5.5328	3.4522	0.6158	0.7895	-1.0939	4.8325	1.0109	1.5468
살살걸음	41	ground	29	65.5535	2.6388	5.3648	3.3077	0.6186	-0.4430	0.5583	6.1923	0.8706	1.4938
살살걸음	42	ground	31	71.0561	2.1473	5.9826	3.4646	0.6333	3.4329	-2.5236	6.4497	0.9651	1.6921
살살걸음	43	ground	27	71.6119	2.5294	6.1485	3.1307	0.6626	-3.8625	3.1307	5.4782	0.7930	1.5487
살살걸음	44	ground	31	64.1176	1.8937	4.9095	3.6800	0.5716	1.1408	-1.9270	3.2764	1.0011	1.4350
살살걸음	45	ground	28	65.7519	3.0447	4.9684	3.4804	0.5881	-0.9169	1.4392	5.9930	0.8246	1.4972
살살걸음	46	ground	31	54.2496	1.7903	3.6417	3.5798	0.5043	0.1727	-0.4119	5.6584	0.9325	1.0939
살살걸음	47	ground	29	65.5717	2.1995	6.6252	4.0748	0.6192	0.0859	0.8085	10.1709	1.0602	1.6816
살살걸음	48	ground	31	68.5276	1.9518	5.9252	3.3486	0.6389	0.4373	-1.8323	6.4316	0.9680	1.5333
살살걸음	49	ground	28	69.0879	2.4776	5.2207	3.3700	0.6077	-0.5626	2.1621	1.1044	0.9149	1.6625
살살걸음	50	ground	31	60.8896	1.4880	4.8937	4.0518	0.5471	0.8090	-1.8919	5.3638	1.1671	1.4269
살살걸음	51	ground	28	64.7602	3.3982	6.5997	4.7515	0.5814	-1.1636	1.9288	6.0287	0.9923	1.8033
살살걸음	52	ground	31	68.9882	2.0527	6.3548	4.2481	0.5993	1.1452	-2.3926	7.5322	1.0609	1.7401
살살걸음	53	ground	28	61.1442	3.6730	5.5365	3.4435	0.6165	-1.2154	1.8470	3.2178	0.8573	1.4191
살살걸음	54	ground	31	62.1301	1.6174	5.5363	3.5143	0.6117	0.7879	-1.8831	7.1900	1.0630	1.3755
살살걸음	55	ground	28	66.8716	2.9128	6.0927	3.7686	0.6178	-0.4776	2.4561	5.3285	0.8960	1.6519
살살걸음	56	ground	30	73.2576	1.7886	5.3898	3.4102	0.6125	0.2152	-1.9073	4.7951	1.0165	1.5974
살살걸음	57	ground	28	63.8998	2.5951	5.6202	3.4716	0.6182	-0.0878	1.3703	5.2592	0.8787	1.4403
살살걸음	58	ground	33	71.3878	1.7648	4.9227	3.3200	0.5972	0.7029	-1.0637	3.0221	0.9440	1.4583
살살걸음	59	ground	26	66.8076	2.7392	6.5348	4.5441	0.5898	-0.6884	1.2719	5.2217	0.9640	1.7365
살살걸음	60	ground	32	66.5203	1.6750	5.3570	3.7023	0.5913	0.4943	-0.7920	6.4890	1.0741	1.4933
살살걸음	61	ground	29	64.4579	2.6156	5.1848	3.6028	0.5900	-0.3824	-0.1436	5.1269	0.9054	1.4836
살살걸음	62	ground	31	62.2326	2.2474	5.1273	3.0290	0.6286	0.6950	-1.1770	6.4847	0.9458	1.3680
살살걸음	63	ground	30	62.7956	3.2681	5.1874	3.0294	0.6313	-0.9861	1.6737	1.5833	0.8204	1.3583
살살걸음	64	ground	32	51.1745	1.8479	5.1810	5.0657	0.5056	-0.2709	-0.2044	12.3745	1.1525	1.2564
살살걸음	65	ground	31	70.8881	2.4104	5.3811	3.2658	0.6223	0.1504	0.6351	4.1490	0.7682	1.4357
살살걸음	66	ground	33	75.1558	1.7995	6.0517	3.4523	0.6368	1.7615	-2.7121	7.0279	1.0443	1.6872
살살걸음	67	ground	31	70.2392	2.8031	6.1977	3.2580	0.6554	-0.9520	0.6511	6.0409	0.7817	1.5102
살살걸음	68	up	34	52.6851	1.4972	4.2453	4.0669	0.5107	-0.2962	1.8043	5.0772	0.9985	1.0549
살살걸음	69	up	33	84.6125	2.4260	6.5817	2.7818	0.7029	-0.6686	-1.0451	5.6500	0.6859	1.6485
살살걸음	70	up	44	67.2399	1.9714	4.1625	2.5441	0.6207	0.5058	-0.3078	2.9170	0.6103	0.9454
살살걸음	71	up	39	64.3059	2.4242	5.5461	4.0743	0.5765	-0.1746	0.3734	5.0489	0.7992	1.2878
살살걸음	72	up	41	72.5783	1.8805	4.2810	3.8044	0.5295	1.6749	-0.6681	5.4535	0.7645	1.2455
살살걸음	73	up	34	55.7127	2.1065	4.3618	3.7068	0.5406	-0.9040	0.9314	4.2942	0.9491	1.1416
살살걸음	74	up	39	76.8126	1.4644	3.3956	3.5535	0.4886	-0.5267	0.0495	2.3858	0.7662	1.0371
살살걸음	75	up	34	68.5829	1.7038	3.9615	2.9860	0.5702	-0.3129	-0.3474	5.8064	0.7974	1.1542
살살걸음	76	up	36	64.1048	2.4918	6.2128	4.0772	0.6038	0.1554	-0.3600	8.1013	0.9825	1.5048
살살걸음	77	up	38	58.1853	2.0412	4.8497	3.8215	0.5593	-0.6295	0.7992	7.3239	0.9461	1.2245
살살걸음	78	up	37	82.6966	2.1768	5.4906	3.3025	0.6244	0.9617	-0.8967	5.3835	0.8834	1.6773
살살걸음	79	up	38	78.1023	2.7282	7.1171	3.4553	0.6732	0.3337	1.3790	10.8972	0.8007	1.8591
살살걸음	80	ground	44	80.9186	2.1538	7.1889	3.3156	0.6844	0.4939	-1.2228	7.0056	0.8396	1.6724
살살걸음	81	ground	31	87.9088	2.0081	3.8849	2.7229	0.5879	-0.8601	0.5889	5.0128	0.6203	1.2379
살살걸음	82	ground	34	64.8139	1.5639	3.6543	3.1793	0.5348	-0.0067	-0.8836	3.8138	0.9146	1.1038
살살걸음	83	ground	32	58.8920	1.8844	4.9087	4.1764	0.5403	-0.3148	0.5113	8.4071	1.0619	1.2405
살살걸음	84	ground	32	55.2073	1.7916	4.8170	3.5109	0.5784	-0.2633	-0.5565	6.1233	1.1999	1.1413
살살걸음	85	ground	32	60.4664	1.7287	4.6601	3.6366	0.5617	0.2263	1.0567	5.4414	1.0401	1.0218
살살걸음	86	up	41	81.1368	1.7338	4.9291	2.8358	0.6348	0.3314	-0.1364	4.9460	0.8885	1.3890
살살걸음	87	up	37	70.9191	1.9882	4.8512	3.2670	0.5976	-0.2578	-0.0569	7.2275	0.8594	1.3818
살살걸음	88	up	35	79.5301	1.8898	5.1089	2.4237	0.6782	-0.1060	0.1735	4.3010	0.8341	1.3960
살살걸음	89	up	37	87.3262	1.2915	4.3372	4.0000	0.5202	0.3609	0.1081	8.9395	1.0899	1.3768
살살걸음	90	up	41	63.5052	1.5862	4.3950	4.5344	0.4922	0.6586	-1.3308	2.4845	0.9711	1.2374
살살걸음	91	up	37	59.8440	1.6596	5.4887	5.6236	0.4939	-1.1578	0.7955	9.7888	1.2266	1.5059
살살걸음	92	up	40	58.6708	1.8978	4.2177	3.6518	0.5360	0.4317	-0.7210	2.5746	0.8994	1.1125
살살걸음	93	up	41	50.8249	1.6474	4.3567	3.2119	0.5756	-0.3916	0.9059	2.7169	0.9484	1.0291
살살걸음	94	up	38	80.7900	1.9771	4.8372	2.9206	0.6235	0.4129	-0.1234	5.2318	0.7490	1.3763
살살걸음	95	up	40	69.9740	1.7988	6.1251	4.5369	0.5745	-0.0299	0.0204	13.8726	1.0538	1.6019
살살걸음	96	up	37	89.6711	2.0308	6.0465	3.4463	0.6370	-0.1026	0.2087	5.3487	0.8853	1.6521
살살걸음	97	ground	45	79.9610	1.7576	6.9132	4.4264	0.6097	-0.2375	1.1206	14.4357	1.0637	1.7859
살살걸음	98	ground	37	75.6195	1.2426	5.6446	3.8318	0.5956	0.6927	-1.5841	5.0126	1.0964	1.3213
살살걸음	99	ground	27	80.1193	2.8286	5.9339	2.9136	0.6707	0.0717	0.8649	8.3993	0.7657	1.8533
살살걸음	100	ground	33	75.9771	1.5830	8.4393	5.0070	0.6276	0.3664	-0.9465	4.7601	1.3743	2.0259
살살걸음	101	ground	27	72.2812	4.0330	7.9189	3.7712	0.6774	-1.0723	0.9875	8.7480	0.9068	2.2477
살살걸음	102	ground	32	50.1303	2.3488	6.0597	5.1179	0.5421	1.3606	-1.3435	4.2156	1.3480	1.5020
살살걸음	103	ground	28	67.2787	2.7076	6.6935	4.1950	0.6147	-0.2928	0.8207	11.4231	1.0757	1.8809
살살걸음	104	ground	33	51.6114	1.3740	4.6403	4.8490	0.4890	-1.0551	0.1119	7.0295	1.6420	1.4802
살살걸음	105	ground	29	83.2590	2.0163	6.5299	3.7404	0.6358	-0.0009	-0.9093	3.6645	1.0707	1.8531
살살걸음	106	ground	30	70.7454	1.3623	5.1187	4.3818	0.5388	0.7674	-0.4695	9.9043	1.8209	1.4704
살살걸음	107	ground	30	57.4558	2.7721	9.4836	6.1883	0.6051	-0.8309	1.4747	19.0590	1.6854	2.1631
살살걸음	108	ground	35	89.6239	1.3300	5.9058	3.9470	0.5994	0.4488	-0.6757	3.5504	1.1330	1.4730
살살걸음	109	ground	27	61.8388	2.3393	6.1158	4.1061	0.5983	-0.5732	0.5119	10.1857	1.2352	1.7249
살살걸음	110	ground	33	72.7317	1.4009	5.1120	4.0031	0.5608	1.4083	-0.8791	9.8351	1.1990	1.4959
살살걸음	111	ground	27	71.1162	3.6961	6.7274	3.9165	0.6320	-1.8876	1.2042	9.4159	0.9683	2.1070
살살걸음	112	ground	33	69.3746	1.9278	6.7618	3.7367	0.6441	0.8699	-0.9460	11.4846	1.0956	1.6135
살살걸음	113	ground	32	75.7493	2.6702	8.2190	3.4954	0.7016	-0.2052	0.5921	10.1679	1.0197	1.9134
살살걸음	114	ground	39	63.6439	1.6988	3.5137	2.9076	0.5472	0.7374	-0.9170	2.0821	0.9982	1.0543
살살걸음	115	down	37	79.2939	2.2707	5.6338	3.1662	0.6402	-0.7739	0.6796	1.7909	0.7419	1.5483
살살걸음	116	down	40	65.1654	2.3915	5.6755	4.2352	0.5727	0.6798	-0.2352	0.3341	1.0118	1.6524
살살걸음	117	down	38	74.1016	2.5640	5.9033	3.4197	0.6332	1.2095	-0.9110	3.5518	0.8551	1.7853
살살걸음	118	down	34	84.7092	3.9213	7.7904	3.3991	0.6962	-1.8388	1.7510	0.2421	0.7248	2.6313
살살걸음	119	down	35	81.1645	3.2787	7.0823	2.9592	0.7053	1.5241	-1.6403	1.7371	0.7482	2.1645
살살걸음	120	down	31	86.2674	3.3562	8.4421	3.0018	0.7377	-1.6463	1.4176	2.6585	0.8338	2.5027
살살걸음	121	down	38	68.8961	2.8404	5.1411	3.3944	0.6023	1.6569	-0.6056	0.6683	0.7740	1.4956
살살걸음	122	down	34	69.3985	3.5741	5.9457	3.1347	0.6548	-1.3742	-0.2509	6.0571	0.8045	1.6648
살살걸음	123	down	35	65.3609	2.9889	5.7867	3.3369	0.6343	0.2243	1.0036	3.8395	0.7988	1.4220
살살걸음	124	down	35	72.5394	2.2560	5.1674	3.6327	0.5872	2.2940	-1.3224	3.8573	0.8141	1.4852
살살걸음	125	down	32	56.5405	2.9057	6.2589	4.4000	0.5872	-1.6091	0.7567	7.0385	1.2535	1.6833
살살걸음	126	ground	36	28.0203	1.4143	2.7574	3.2333	0.4603	-1.7479	-0.1263	1.7319	0.8349	0.8080
살살걸음	127	ground	39	4.0262	1.0389	3.5267	3.9145	0.4739	1.7610	-0.8067	8.2147	1.0640	0.9853
살살걸음	128	ground	33	45.8388	1.4557	5.6903	3.8801	0.5946	-0.8290	1.2599	9.7447	1.3204	1.2540
살살걸음	129	ground	34	67.4623	2.2544	6.1267	4.0085	0.6045	0.6020	-1.5724	7.0868	1.1072	1.5280
살살걸음	130	ground	40	63.3057	1.6130	4.8064	2.9224	0.6219	-1.3645	1.8826	4.0416	1.0809	1.1088
살살걸음	131	down	45	44.9243	3.1783	3.7733	3.6222	0.5102	2.2254	-2.8173	2.9929	0.9878	0.9900
살살걸음	132	down	31	52.9212	2.9409	4.4002	3.4259	0.5622	-1.8224	2.8041	6.9133	0.9224	1.1344
살살걸음	133	down	37	61.2613	2.7807	4.9103	3.6294	0.5750	1.9566	-2.6298	0.5657	0.8722	1.3506
살살걸음	134	down	32	73.7464	2.3377	5.5668	3.6811	0.6020	-1.7346	1.0619	4.2132	0.8788	1.6401
살살걸음	135	down	34	58.1913	2.8764	5.1882	3.9300	0.5690	2.3217	-0.9382	0.5641	1.0764	1.5426
살살걸음	136	down	34	69.4361	3.5272	5.9664	3.3612	0.6397	-2.5283	2.2568	6.5830	0.8408	1.7373
살살걸음	137	down	34	75.6946	3.5934	5.3350	2.5274	0.6785	2.0476	-0.7128	3.3133	0.6253	1.6558
살살걸음	138	down	32	81.1447	4.4482	7.0690	2.5347	0.7361	0.2855	-0.2603	7.6200	0.6506	2.3267
살살걸음	139	down	31	75.6898	3.3608	7.6863	3.8188	0.6681	-1.1584	-0.4107	1.4602	0.8606	2.1654
살살걸음	140	down	28	77.5135	4.1881	6.4707	2.2513	0.7419	-1.0350	1.0901	0.4845	0.7025	2.0547
살살걸음	141	ground	35	66.9255	1.7535	6.3152	4.4377	0.5873	3.1941	-0.2609	3.3362	1.1637	1.6524
살살걸음	142	ground	25	66.8378	3.8865	6.8517	3.2230	0.6801	-2.4948	-0.6285	2.8183	1.0127	2.1546
살살걸음	143	ground	28	86.4231	1.9885	5.3267	2.5727	0.6743	-0.8440	1.6051	7.5273	0.8190	1.6093
살살걸음	144	ground	33	74.5394	1.2207	5.6357	4.1326	0.5769	-0.2343	-0.4809	11.5253	1.3097	1.5467
살살걸음	145	ground	30	58.5868	2.5820	5.7711	4.4946	0.5622	0.4521	0.3265	9.6107	1.0405	1.4473
살살걸음	146	ground	28	60.4684	1.8237	7.1197	5.8527	0.5488	-0.0146	0.0733	2.7785	1.4155	1.8522
살살걸음	147	ground	34	51.8852	2.4164	6.8987	5.7247	0.5465	0.7077	0.2596	8.0839	1.2389	1.4646
살살걸음	148	ground	30	71.2563	2.9622	10.2097	4.7998	0.6802	-0.6008	-2.1968	12.4472	1.2567	2.4046
살살걸음	149	ground	27	44.7872	2.2304	5.0915	4.9476	0.5072	-0.1441	2.1325	9.9906	1.3146	1.2832
살살걸음	150	ground	30	88.9142	1.6018	5.9612	3.3251	0.6419	-0.0427	0.0090	12.3178	1.0775	1.6961
살살걸음	151	ground	28	63.3429	2.6340	8.3125	5.4915	0.6022	0.5498	-0.9328	12.1116	1.4033	2.2302
살살걸음	152	ground	29	64.4207	1.8841	7.1379	5.5832	0.5611	-0.6841	0.6982	21.7996	1.5097	2.0714
살살걸음	153	ground	29	63.0561	2.1191	7.3886	5.4333	0.5762	0.3415	0.0468	14.7925	1.4079	2.0401
살살걸음	154	ground	31	75.4344	1.7375	6.3856	4.9521	0.5632	0.4261	0.0980	14.2425	1.2508	1.9133
살살걸음	155	ground	27	67.6016	2.2624	7.3431	4.8835	0.6006	-0.5419	0.0529	13.5386	1.2436	1.9968
거칠게걸음	1	ground	42	71.6844	2.6614	5.8038	2.9105	0.6660	1.9251	0.6454	5.0047	0.6881	1.6806
거칠게걸음	2	ground	28	89.5028	1.6989	2.6205	1.7977	0.5931	-0.7026	-1.3290	1.9809	0.7119	1.4527
거칠게걸음	3	ground	32	55.9752	1.1371	2.5960	2.1412	0.5480	0.2353	-0.9801	1.5758	1.0554	1.2072
거칠게걸음	4	ground	54	33.5834	1.1012	5.6440	5.8873	0.4895	0.4632	-0.4030	4.4175	1.4813	1.6000
거칠게걸음	5	ground	30	87.9734	1.7096	6.3252	2.9178	0.6843	-0.6090	2.7930	8.5267	1.3024	1.4652
거칠게걸음	6	ground	29	77.4728	1.9369	4.2929	2.1627	0.6650	0.1476	-1.2175	1.7711	0.6629	1.2448
거칠게걸음	7	ground	31	89.0900	4.7251	7.0799	1.4650	0.8286	0.9565	0.9328	5.4850	0.4629	2.0747
거칠게걸음	8	ground	27	87.9583	4.1197	9.3123	2.5672	0.7839	0.4513	-1.2816	9.1475	0.7148	2.9407
거칠게걸음	9	ground	32	82.3566	4.1623	9.5643	2.6816	0.7810	3.0689	1.2734	11.3778	0.7547	2.7379
거칠게걸음	10	ground	25	80.6694	3.6767	16.5638	5.8541	0.7389	-2.2888	0.6474	7.4289	1.5659	4.7202
거칠게걸음	11	ground	30	89.1206	3.7291	10.1446	3.0803	0.7671	3.0798	-0.6134	13.0359	0.9069	3.3966
거칠게걸음	12	ground	26	88.5532	4.4826	16.3886	4.1237	0.7990	-5.5193	-0.9677	2.6670	1.1459	5.0713
거칠게걸음	13	ground	33	88.4272	3.1079	8.0756	2.8856	0.7367	2.5540	1.9276	13.2576	0.8220	2.3332
거칠게걸음	14	ground	25	82.4032	2.5597	10.9407	4.7383	0.6978	-2.0838	-1.3461	12.7380	1.3102	3.2105
거칠게걸음	15	ground	32	86.8704	3.9382	9.1139	2.5400	0.7820	-0.7672	1.0517	5.5267	0.5907	2.2677
거칠게걸음	16	ground	53	83.6789	2.1615	5.6690	2.9702	0.6562	1.3611	-0.1203	3.6736	0.6966	1.4589
거칠게걸음	17	ground	25	83.1303	2.2698	6.8416	3.3652	0.6703	0.6827	-1.8575	4.5785	0.9823	2.1236
거칠게걸음	18	ground	30	87.9933	4.2220	5.5481	1.4867	0.7887	-0.6486	0.3190	3.1446	0.5734	1.7115
거칠게걸음	19	ground	26	83.8888	3.1035	8.6496	3.2441	0.7272	0.4784	0.3529	3.9348	0.8339	2.4381
거칠게걸음	20	ground	30	87.1468	7.7789	6.7137	1.1279	0.8562	-0.9158	0.7025	0.8755	0.3238	2.2117
거칠게걸음	21	ground	25	85.4543	2.2279	8.9016	3.9169	0.6944	0.7592	-1.8530	4.9738	1.1689	2.5678
거칠게걸음	22	ground	33	80.3582	2.6827	5.9667	3.2938	0.6443	-1.7081	1.8181	6.3430	0.7762	1.8976
거칠게걸음	23	ground	25	72.8833	2.6768	12.3226	5.8030	0.6798	0.1103	-1.1553	5.5602	1.5167	3.1328
거칠게걸음	24	ground	33	80.1661	2.1891	11.3853	5.4448	0.6765	2.3420	1.7377	22.0836	1.3832	2.8127
거칠게걸음	25	ground	24	78.4925	2.4074	10.5216	4.8551	0.6843	-1.0635	-1.3874	1.4371	1.4451	3.0822
거칠게걸음	26	ground	32	73.1993	2.1337	4.9561	3.0917	0.6158	-0.2577	2.3666	6.9909	0.8867	1.5773
거칠게걸음	27	ground	25	84.9074	2.4024	10.7936	5.1918	0.6752	-1.7420	-2.8400	3.3734	1.5235	3.2651
거칠게걸음	28	ground	25	82.4022	3.6252	11.1142	3.1971	0.7766	-1.2832	0.3915	1.6730	0.8231	2.5560
거칠게걸음	29	ground	30	85.9474	1.8939	10.0456	4.7085	0.6809	1.9006	-0.7076	1.6728	1.2854	2.4127
거칠게걸음	30	ground	28	86.8599	2.9189	10.3439	4.3158	0.7056	-0.0000	-0.8638	10.2539	0.9277	2.6698
거칠게걸음	31	ground	29	79.0254	3.0443	12.1716	4.6240	0.7247	1.2248	1.7330	8.8035	1.2130	3.1827
거칠게걸음	32	ground	33	85.5384	4.0279	8.8112	2.0111	0.8142	-1.4280	1.1301	6.9671	0.5877	2.2119
거칠게걸음	33	ground	25	81.3424	4.1734	11.5267	3.2301	0.7811	1.3216	-1.3126	10.0468	0.9221	3.2628
거칠게걸음	34	ground	30	86.8290	3.5451	8.1902	2.2532	0.7842	-1.6416	1.5081	1.7436	0.5889	2.0281
거칠게걸음	35	ground	25	79.6022	3.1494	8.6691	2.9579	0.7456	0.0347	-1.3696	3.2342	0.9297	2.3770
거칠게걸음	36	ground	30	86.7534	2.6158	8.6252	2.7969	0.7551	1.2648	0.7771	8.9302	0.8898	2.2602
거칠게걸음	37	ground	28	79.5891	3.3960	10.8132	4.2386	0.7184	0.0598	-0.6748	1.2681	1.0714	3.0887
거칠게걸음	38	ground	31	87.5941	2.8039	6.9753	2.5706	0.7307	-1.5313	1.2128	6.8552	0.6605	1.7487
거칠게걸음	39	ground	25	80.7636	3.0177	11.5244	4.5359	0.7176	0.3705	-0.8569	2.2936	1.3184	3.2718
거칠게걸음	40	ground	28	77.8404	4.5999	11.7720	3.8041	0.7558	0.9649	0.2056	16.3216	0.9715	3.1191
거칠게걸음	41	ground	29	77.5111	3.3811	9.2859	3.2219	0.7424	-0.0509	-0.0038	2.7381	0.8792	2.3902
거칠게걸음	42	ground	28	80.3445	3.3496	7.2668	2.9879	0.7086	2.3271	-0.7397	7.8417	0.8051	2.3657
거칠게걸음	43	ground	27	79.7754	3.1755	10.4034	3.7173	0.7367	-2.0465	-1.0950	10.1524	1.0781	2.9880
거칠게걸음	44	ground	32	83.7461	3.1021	10.4988	3.6463	0.7422	-0.5892	2.1945	23.3750	0.9426	2.7318
거칠게걸음	45	ground	25	73.6318	4.1615	15.0890	6.5687	0.6967	2.0131	-0.9119	11.9474	1.6307	4.1882
거칠게걸음	46	ground	29	87.6620	3.0802	10.7438	3.5454	0.7519	-0.3047	0.4580	19.5431	1.0442	3.1990
거칠게걸음	47	ground	26	83.0972	3.5726	11.1440	4.1226	0.7300	1.0974	-1.5966	8.3886	0.9341	3.0700
거칠게걸음	48	ground	30	87.2955	3.7152	9.6377	2.7494	0.7780	0.7344	0.7598	4.0391	0.7102	2.6006
거칠게걸음	49	ground	26	78.5991	4.3906	10.3558	3.6772	0.7380	-2.7126	0.3841	2.7905	1.0080	3.3075
거칠게걸음	50	ground	32	87.8403	2.6938	6.1983	2.4295	0.7184	-3.0703	1.0374	1.3311	0.7228	1.8761
거칠게걸음	51	ground	26	89.7235	2.2735	7.4868	3.1541	0.7036	1.7636	-1.0691	4.0377	1.0155	2.2287
거칠게걸음	52	ground	35	71.0341	1.7423	5.3688	3.7503	0.5887	2.2438	0.1517	7.7660	0.9853	1.4067
거칠게걸음	53	ground	23	80.5920	2.3999	8.2835	3.3742	0.7106	-4.8824	0.7322	0.7503	0.9657	2.1625
거칠게걸음	54	ground	32	77.5741	2.2309	12.9677	8.3055	0.6096	10.5583	0.3347	65.7584	1.8608	3.7432
거칠게걸음	55	ground	24	76.4385	3.3379	15.7838	7.9836	0.6641	-6.1879	-0.4531	9.6108	1.8957	4.8374
거칠게걸음	56	ground	35	77.7332	2.9101	20.5560	8.0451	0.7187	12.0070	-1.6452	51.6254	1.8901	4.5780
거칠게걸음	57	ground	23	83.9006	3.2939	18.0451	5.8601	0.7549	-15.0864	-0.5042	7.7133	1.6497	5.0432
거칠게걸음	58	ground	54	70.7916	1.7131	10.1831	6.5754	0.6076	1.2990	0.9750	31.8929	1.3678	2.0328
거칠게걸음	59	ground	34	82.7223	1.8086	8.3643	3.6603	0.6956	0.0819	1.3867	7.5621	1.0437	1.8579
거칠게걸음	60	ground	24	82.8261	3.6703	11.5204	2.7616	0.8066	-1.2004	-1.3106	18.8512	0.9856	2.9712
거칠게걸음	61	ground	34	85.8364	1.6691	8.4236	4.5434	0.6496	4.9660	0.6789	25.6210	1.5092	2.1996
거칠게걸음	62	ground	29	74.9825	3.6684	11.9692	4.4873	0.7273	-2.8428	0.4702	22.0487	1.2278	3.2213
거칠게걸음	63	ground	30	73.4386	1.8222	7.7978	4.2340	0.6481	-0.5003	1.5651	14.7824	1.3063	2.0516
거칠게걸음	64	ground	26	85.0978	2.1686	10.2308	4.3453	0.7019	-0.1742	-2.5572	4.3101	1.6440	2.8046
거칠게걸음	65	ground	30	89.4516	3.6900	5.9327	2.1005	0.7385	0.2050	0.7642	4.6390	0.5198	1.8499
거칠게걸음	66	ground	28	82.6136	1.5896	6.6884	3.7534	0.6405	0.2436	-1.2922	2.0802	1.3049	1.6430
거칠게걸음	67	up	32	79.6689	4.5292	8.3089	2.7762	0.7496	0.9897	1.2249	6.4265	0.7397	2.2899
거칠게걸음	68	up	32	87.5167	2.7074	7.8129	3.1101	0.7153	0.9594	-0.7112	7.6646	1.0300	2.2450
거칠게걸음	69	up	29	88.8625	5.0528	6.4598	1.8560	0.7768	-0.3933	1.2093	4.9440	0.5271	2.1648
거칠게걸음	70	up	31	79.9153	3.6978	8.6391	3.9285	0.6874	1.1657	-2.6803	7.4415	1.3043	2.7370
거칠게걸음	71	up	29	81.7458	5.9305	13.8790	2.6502	0.8397	-1.1525	2.4876	11.5933	0.9836	3.9343
거칠게걸음	72	up	28	88.0875	4.9421	11.9308	3.1575	0.7907	1.4079	-1.1895	16.9949	1.0197	3.9957
거칠게걸음	73	up	30	83.7744	4.5495	11.6913	3.8557	0.7520	-1.8500	1.8898	9.1161	0.9762	3.7253
거칠게걸음	74	up	30	89.6089	7.4679	13.5167	1.7898	0.8831	-0.2785	-1.1838	9.3465	0.7774	4.0757
거칠게걸음	75	up	31	88.7710	3.5372	8.7110	3.4508	0.7163	-2.2225	0.4073	12.1307	0.9105	2.6636
거칠게걸음	76	up	29	89.4712	5.3324	11.5832	2.1273	0.8448	1.7412	-0.7092	1.1826	0.9875	3.2407
거칠게걸음	77	up	31	88.8236	6.9496	9.0067	2.1567	0.8068	-1.1216	0.4569	3.6270	0.5873	2.9163
거칠게걸음	78	ground	35	85.8135	4.2455	8.6199	2.4901	0.7759	1.8571	-0.0013	0.4557	0.9469	2.6523
거칠게걸음	79	ground	28	88.0620	2.5121	6.6917	3.0763	0.6851	-0.5179	1.2885	2.6688	0.9093	1.9789
거칠게걸음	80	ground	28	79.8592	1.8506	8.2908	4.5294	0.6467	0.5382	-2.3159	13.8409	1.7577	2.3695
거칠게걸음	81	ground	34	87.7548	3.0051	11.6410	3.2516	0.7817	0.4677	2.9909	19.7172	1.2244	2.7918
거칠게걸음	82	ground	27	85.6575	2.2641	10.5299	4.6383	0.6942	-1.6765	-2.2462	7.1697	1.6771	3.1072
거칠게걸음	83	ground	30	85.5086	2.8683	7.3045	3.2015	0.6953	2.7951	0.2026	18.5597	0.8309	2.0559
거칠게걸음	84	ground	24	83.8613	2.9786	6.7281	2.4455	0.7334	-2.7029	0.1059	4.6097	0.7552	1.8743
거칠게걸음	85	up	33	83.7267	2.7093	7.6871	3.3261	0.6980	-1.0791	-0.8715	5.9271	0.9056	2.0349
거칠게걸음	86	up	30	89.5778	3.6784	8.5021	2.5130	0.7719	1.1760	0.6192	1.2741	0.7466	2.4255
거칠게걸음	87	up	29	89.3061	2.2186	6.7758	3.5294	0.6575	-0.2300	0.1418	14.6368	1.0453	2.0478
거칠게걸음	88	up	27	84.1217	4.3403	9.5449	2.9116	0.7663	0.7631	-0.7816	0.5026	0.6873	2.6542
거칠게걸음	89	up	30	89.9733	2.9460	7.2850	3.6262	0.6677	2.0089	1.7387	13.7566	0.9148	2.5865
거칠게걸음	90	up	27	84.7749	5.1037	11.2271	3.2669	0.7746	-0.2205	-2.6954	11.8346	0.7905	3.6068
거칠게걸음	91	up	29	79.3856	7.5697	8.7457	2.5183	0.7764	-2.2445	0.5221	2.4480	1.0008	3.0766
거칠게걸음	92	up	28	87.0104	4.7695	10.6342	2.7258	0.7960	1.1101	0.3220	6.2773	0.7753	3.0701
거칠게걸음	93	up	28	88.9483	5.6770	9.6011	1.9447	0.8316	-1.0460	-0.2812	2.6402	0.6922	3.4984
거칠게걸음	94	up	31	88.4900	2.7782	7.4791	3.2051	0.7000	-0.5211	1.0507	10.9714	1.0154	2.3738
거칠게걸음	95	up	31	88.1601	4.4059	7.2323	2.4854	0.7442	1.4189	0.2271	5.0368	0.6181	2.2235
거칠게걸음	96	ground	30	83.9537	4.2640	9.4865	3.2321	0.7459	0.0027	-1.5206	9.2305	0.9978	3.0826
거칠게걸음	97	ground	24	73.9374	4.2195	8.7500	3.2256	0.7307	-2.9335	0.0410	5.0993	1.0063	2.4267
거칠게걸음	98	ground	36	84.5268	2.6531	7.9221	3.2060	0.7119	2.0596	1.2650	4.8211	0.8868	1.9615
거칠게걸음	99	ground	32	88.5716	2.7763	10.1062	3.8895	0.7221	-1.1844	1.8006	21.3945	0.8551	2.3682
거칠게걸음	100	ground	25	89.2395	1.7146	7.8782	4.1404	0.6555	1.9606	-2.3986	2.2146	1.4473	2.2757
거칠게걸음	101	ground	28	88.2073	2.4403	9.0655	3.5342	0.7195	-1.1834	1.5732	20.6571	0.8522	2.0710
거칠게걸음	102	ground	29	82.9975	2.0862	8.3116	4.2180	0.6634	0.8180	-0.7288	3.3336	1.1028	2.1951
거칠게걸음	103	ground	31	88.8363	1.7089	8.9414	4.3798	0.6712	-1.6573	-0.7182	21.4210	1.4615	1.9314
거칠게걸음	104	ground	25	88.2005	2.6624	10.8762	3.4284	0.7603	0.4176	-0.7004	12.9673	1.4102	2.6753
거칠게걸음	105	ground	33	83.4511	2.6302	7.0236	2.8231	0.7133	2.0888	-0.1998	7.1061	1.3348	1.6456
거칠게걸음	106	ground	25	83.2164	5.4651	6.6266	1.7877	0.7875	-1.9478	1.4185	1.9283	0.4435	1.8625
거칠게걸음	107	ground	33	85.5987	2.2396	6.1085	2.8804	0.6796	-0.3685	0.0328	10.8007	0.7405	1.4473
거칠게걸음	108	ground	27	77.6391	2.9517	5.2418	2.3638	0.6892	1.9105	0.2986	1.1544	0.7480	1.4970
거칠게걸음	109	ground	29	76.1599	4.4400	6.0278	2.3014	0.7237	-0.6693	-0.3245	4.6822	0.6230	1.8621
거칠게걸음	110	ground	24	76.4658	2.6177	6.5883	3.4704	0.6550	0.3389	0.0555	6.1824	1.1623	2.2086
거칠게걸음	111	ground	33	85.2611	3.6058	6.8832	2.2671	0.7522	-0.5977	-0.4766	8.8226	0.6271	1.6768
거칠게걸음	112	ground	28	82.5768	1.8924	6.9589	3.4729	0.6671	-1.5728	0.0092	5.2609	0.9193	1.6797
거칠게걸음	113	ground	30	85.1757	4.1671	5.7599	1.8360	0.7583	2.0606	-0.4175	6.8317	0.5404	1.7864
거칠게걸음	114	down	36	89.8134	6.0042	10.8589	1.9283	0.8492	5.4197	1.2265	3.1517	0.5575	2.5067
거칠게걸음	115	down	28	80.2597	9.1361	13.0898	2.6001	0.8343	-3.1033	-0.4089	0.4823	1.0174	3.8353
거칠게걸음	116	down	28	85.0581	4.7226	12.5523	3.0390	0.8051	0.6483	1.0725	3.1669	1.5351	4.2644
거칠게걸음	117	down	28	83.2459	5.9695	13.8469	3.9307	0.7789	0.2417	-2.1226	7.9842	1.3346	4.3946
거칠게걸음	118	down	27	86.0277	5.1415	15.2107	3.6025	0.8085	-3.1739	0.1207	1.5516	1.1687	4.6022
거칠게걸음	119	down	29	89.9209	6.0309	13.4862	2.6096	0.8379	5.4125	-0.0267	18.3701	1.0610	4.4548
거칠게걸음	120	down	29	87.3719	4.1729	13.5631	3.5289	0.7935	-2.5275	0.9363	25.4984	1.2880	4.2905
거칠게걸음	121	down	28	88.1311	6.4833	14.6036	2.8230	0.8380	1.8909	-1.4513	16.3780	0.8263	4.7329
거칠게걸음	122	down	28	88.7445	6.7626	16.4402	3.0159	0.8450	0.9010	1.5737	17.4506	0.9003	5.3986
거칠게걸음	123	down	27	88.8038	9.0461	17.1615	2.2852	0.8825	-2.3886	0.2959	0.2505	0.6992	5.1740
거칠게걸음	124	down	25	80.0896	5.3075	13.2981	3.9740	0.7699	-1.3759	-0.5309	22.5804	1.1684	4.4593
거칠게걸음	125	down	27	84.1370	5.9709	10.9469	3.1394	0.7771	-1.9002	-0.7659	7.2489	0.9740	3.2614
거칠게걸음	126	ground	28	67.9198	3.9732	8.5157	4.7271	0.6430	-2.1433	-0.5551	5.0189	1.2526	2.8141
거칠게걸음	127	ground	25	78.9343	2.1076	5.7333	3.0004	0.6565	-0.1547	1.3852	8.4298	1.2866	1.6332
거칠게걸음	128	ground	33	87.1224	2.9805	9.5025	2.7566	0.7751	1.8718	0.6783	7.0259	0.6830	2.0121
거칠게걸음	129	ground	25	79.8086	2.3056	8.0565	3.4743	0.6987	-2.0837	-0.6183	11.1198	1.4986	2.2497
거칠게걸음	130	ground	31	88.0569	3.6883	7.8792	1.7218	0.8207	1.1079	0.0948	1.0250	0.7051	1.9447
거칠게걸음	131	ground	32	83.3656	4.0723	7.1129	2.2457	0.7600	0.6435	0.1858	9.1634	0.5994	1.9416
거칠게걸음	132	down	35	82.4589	3.6470	7.7101	2.5657	0.7503	2.2147	0.8788	2.2715	0.6592	2.2209
거칠게걸음	133	down	28	82.1862	6.4087	12.2317	3.2520	0.7900	1.7176	-2.1476	9.4916	1.0290	4.1168
거칠게걸음	134	down	28	86.3687	4.7876	14.2161	3.4262	0.8058	-0.7385	1.5103	26.4083	1.3476	5.0063
거칠게걸음	135	down	27	87.1541	9.0138	14.9667	2.3262	0.8655	-1.0670	-1.4216	5.8961	0.7825	4.8807
거칠게걸음	136	down	29	86.9672	4.4080	14.1596	4.5211	0.7580	4.8373	2.5095	25.7981	1.4949	4.6650
거칠게걸음	137	down	26	85.5583	5.8611	16.8195	4.0361	0.8065	-1.8579	-0.2211	3.5927	1.0349	5.3672
거칠게걸음	138	down	29	85.4903	12.8745	16.6184	1.8863	0.8981	0.9943	-0.0197	3.2992	0.9142	5.4856
거칠게걸음	139	down	25	80.5167	7.4489	15.1512	3.2918	0.8215	-5.6548	0.0243	7.1930	1.1235	4.3533
거칠게걸음	140	down	28	89.0078	9.2312	14.6962	2.4922	0.8550	3.2417	-0.4176	10.9113	0.7957	5.0358
거칠게걸음	141	down	25	85.4144	8.6100	15.7022	2.9600	0.8414	1.5472	-0.3162	11.8341	0.8208	5.5976
거칠게걸음	142	down	26	88.8277	4.2143	14.8599	4.9384	0.7506	-2.4964	-1.0716	23.0898	1.1857	4.9519
거칠게걸음	143	down	25	86.0632	5.0411	11.8206	2.5439	0.8229	-2.7419	-0.4880	2.0044	1.2617	3.5165
거칠게걸음	144	ground	29	77.5166	3.3441	9.2140	3.6992	0.7135	0.8372	1.4834	9.2468	1.1287	2.9789
거칠게걸음	145	ground	26	81.3687	2.8553	9.8768	3.3069	0.7492	-0.0214	-0.7324	12.5223	0.9714	2.4259
거칠게걸음	146	ground	26	88.2190	3.8464	10.0142	3.2463	0.7552	-0.4515	1.0662	15.6573	1.1792	3.0374
거칠게걸음	147	ground	30	77.0099	4.6958	8.0404	2.3236	0.7758	-0.6875	-0.7715	9.0570	0.8451	2.0842
거칠게걸음	148	ground	25	85.7854	3.0686	11.9717	3.9042	0.7541	1.3317	-0.2790	0.6116	1.1807	3.1521
거칠게걸음	149	ground	35	80.1211	3.4740	6.3653	2.5333	0.7153	0.0089	0.2425	4.2299	0.6988	1.6206
거칠게걸음	150	ground	27	71.3392	2.1632	6.2199	3.9483	0.6117	-1.6181	-0.8088	5.3313	1.3663	2.0678
거칠게걸음	151	ground	32	80.6888	4.0538	9.1943	2.7079	0.7725	1.2690	0.6109	10.3489	0.6207	2.0888
거칠게걸음	152	ground	27	78.2348	2.4935	6.9153	3.1884	0.6844	-0.6165	-0.7061	0.7048	0.9090	2.0061
거칠게걸음	153	ground	32	84.5274	3.6589	9.0292	2.2719	0.7990	0.5079	1.2118	14.6028	0.6252	2.1523
거칠게걸음	154	ground	27	87.7248	2.3303	7.6644	2.8421	0.7295	-1.5962	-1.1879	2.5461	1.1221	2.2168
거칠게걸음	155	ground	31	89.1356	2.5434	6.3949	2.3104	0.7346	1.5526	0.7048	10.5309	0.6770	1.6714
거칠게걸음	156	ground	27	89.5841	3.6655	7.4113	2.0638	0.7822	-1.5004	0.0553	4.2654	0.5833	2.0493
거칠게걸음	157	ground	34	81.8177	2.6851	7.7532	3.0182	0.7198	2.2571	-0.7735	11.9621	0.8644	2.0441
거칠게걸음	158	ground	27	80.0936	2.8822	4.9179	2.7812	0.6388	-2.0755	2.4993	6.1785	0.6209	1.6046
