stepIdx	time_s	pureY	pureZ	zEnergyFrac	zEF_avg5	procRmsZ	stepFreqHz	rmsZdivFreq	stepVarH	dmag	recentStepVarYZ	varYZRatio	dmagRatio	zfRatio	freqRatio	energyFracZ	zPeakYRatio	stairConfidence	fsmLabel	armSpin	floorGT
1	0.486	0.530886	-0.665014	0.556078	0.556078	1.90631	2.33645	0.815902	1.24234	0	99	1	0	1	1	0.513202	0.460452	0	ground	0	ground
2	3.1	0.315957	-0.674439	0.680979	0.618528	1.33671	5.2356	0.255312	1.29298	0.215136	99	1	1.91116	0.476677	1.38288	0.268817	0.0500072	0	ground	0	ground
3	3.773	-0.124037	-0.266608	0.682479	0.639845	1.08589	1.36986	0.792703	0.465581	0.599935	0.110429	1.04956	1.68402	1.19355	0.531378	0.645927	0.0974217	0	ground	0	ground
4	4.176	0.121489	-0.705475	0.85309	0.693156	0.90778	2.48139	0.365835	0.421309	0.50288	0.0909231	0.927137	1.17067	0.710366	0.980916	0.388686	0.107034	0	ground	0	ground
5	5.81	0.173669	0.738604	0.809629	0.716451	1.28705	0.619195	2.07859	1.07625	1.44502	0.350265	1.56252	1.5417	1.60287	0.393282	0.566895	0.241809	0	ground	0	ground
6	6.406	0.288043	0.141655	0.329661	0.671168	1.48526	1.73611	0.855511	1.05564	0.607807	0.318951	1.17452	0.786754	0.794973	1.04884	0.638659	0.205512	0	ground	0	ground
7	6.925	0.671839	1.40046	0.675799	0.670132	1.78629	1.85874	0.961025	1.30431	1.31601	0.618392	1.38972	1.26021	0.943487	1.0579	0.705896	0.211467	0	ground	0	ground
8	7.54	-0.0242352	0.989522	0.976093	0.728854	1.40707	1.67504	0.840019	0.94857	0.808322	0.592999	1.14261	0.872635	0.903923	0.976119	0.669785	0.137557	0	ground	0	ground
9	8.059	0.265291	1.15455	0.813154	0.720867	1.82299	1.79533	1.01541	1.75765	0.333255	0.236165	0.625476	0.529162	1.04428	1.02259	0.652662	0.206692	0	ground	0	ground
10	8.617	0.169227	-0.240282	0.586755	0.676292	1.53076	2.26757	0.675063	0.934001	1.39813	0.446968	1.08416	1.37889	0.81954	1.12723	0.71007	0.254311	0	ground	0	ground
11	9.174	0.436549	1.67939	0.793685	0.769097	2.05525	1.48368	1.38524	2.29696	1.9382	0.49289	1.08907	1.31307	1.25421	0.848956	0.647752	0.138522	0	ground	0	ground
12	9.712	0.371602	0.295073	0.442604	0.722458	1.90863	1.92678	0.990581	1.39041	1.38584	0.480095	1.0295	0.96847	0.945638	1.04875	0.718842	0.164308	0	ground	0	ground
13	10.25	0.375824	1.6698	0.816279	0.690495	1.94207	1.79533	1.08174	1.42837	1.37474	0.595071	1.12129	0.979963	1.01607	0.988469	0.725298	0.13602	0	ground	0	ground
14	10.847	0.323468	2.33639	0.878389	0.703542	1.77578	1.85874	0.955369	1.34172	0.66864	0.932535	1.27462	0.645565	0.94591	1.01155	0.700283	0.188281	0	ground	0	ground
15	11.346	0.759816	1.14375	0.600846	0.70636	2.02494	1.79211	1.12991	1.86045	1.26995	0.486976	0.799241	1.10158	1.05604	0.987494	0.685102	0.190171	0	ground	0	ground
16	11.942	1.03895	2.06577	0.665364	0.680696	1.62862	1.85874	0.876199	2.47499	0.963341	0.604185	0.992442	0.849583	0.834014	1.02173	0.512261	0.221407	0	ground	0	ground
17	12.461	2.46339	0.84781	0.256043	0.643384	2.42693	1.7331	1.40034	4.1877	1.87415	0.916985	1.43367	1.55155	1.28997	0.957202	0.574658	0.105559	0	ground	0	ground
18	12.999	-1.2227	4.91238	0.800703	0.640269	4.81128	1.85874	2.58847	11.5632	5.48708	3.47635	3.76522	3.35429	2.09449	1.02387	0.662879	0.265204	0.307666	ground	0	ground
19	13.443	2.64807	0.809624	0.234152	0.511422	3.98679	2.47525	1.61066	5.88125	5.64052	4.34339	3.43272	2.76998	1.26492	1.31565	0.729417	0.156473	0.29698	ground	0	ground
20	14.095	0.372507	6.39568	0.944962	0.580245	2.49378	1.44718	1.72321	4.59406	6.03176	7.13307	3.8514	2.47624	1.30713	0.787379	0.57478	0.126518	0.299516	stair	0	ground
21	14.614	0.104181	1.96483	0.949646	0.637101	4.4324	2.26244	1.95912	7.90092	4.43896	7.32036	3.95253	1.82234	1.48608	1.23095	0.712997	0.0992609	0.346156	stair	0	ground
22	15.133	-0.364453	0.468664	0.562542	0.698401	3.21473	1.79211	1.79382	3.69625	1.56784	7.14827	3.85961	0.643653	1.36069	0.975051	0.735353	0.114106	0.349789	stair	0	ground
23	15.691	0.155877	2.86732	0.948439	0.727948	1.9838	1.85185	1.07125	4.63423	2.45444	5.6399	3.04519	1.00763	0.81259	1.00755	0.458759	0.138861	0.215489	stair	0	ground
24	16.228	-1.64881	2.23945	0.575951	0.796308	2.31904	2.00401	1.1572	2.89939	1.91079	4.4047	2.37826	0.784444	0.877785	1.09034	0.647454	0.157997	0.131063	stair	0	ground
25	16.824	-0.817959	6.78179	0.89237	0.78579	3.91538	1.49031	2.62722	5.10393	4.6177	4.90375	2.64771	1.89572	1.99286	0.810847	0.750082	0.168568	0.346513	stair	0	ground
26	17.381	-0.528552	3.46592	0.867679	0.769396	3.06388	2.1645	1.41551	3.34336	3.32848	4.63167	2.50081	1.36645	1.07373	1.17766	0.735995	0.206628	0.278316	stair	0	ground
27	17.9	0.436483	3.44571	0.887568	0.834401	2.8952	1.57729	1.83556	1.96255	0.965247	3.03048	1.63627	0.396267	1.39235	0.858168	0.808361	0.226773	0.306825	stair	0	ground
28	18.516	0.167662	2.43147	0.935493	0.831812	2.42284	1.85529	1.30591	4.12495	1.04926	3.21954	1.73834	0.430756	0.990588	1.00942	0.586358	0.208954	0.227766	stair	0	ground
29	19.016	0.7946	3.57692	0.818232	0.880268	3.87036	1.73611	2.22933	5.58509	1.3058	2.55005	1.37686	0.536075	1.69104	0.944581	0.724861	0.320516	0.343584	stair	0	ground
30	19.554	0.852442	0.417145	0.328567	0.767508	2.63173	2.079	1.26586	7.27627	3.16031	1.6905	0.912761	1.29741	0.960211	1.13114	0.485751	0.318722	0.247741	stair	0	ground
31	20.092	0.908581	7.8906	0.896742	0.77332	5.29552	1.67504	3.16143	6.06762	7.47366	6.06472	3.27457	3.06819	2.39808	0.911354	0.821864	0.0648417	0.535326	stair	0	ground
32	20.533	-1.12958	1.57026	0.581611	0.712129	6.07597	2.36967	2.56406	3.98624	6.64084	7.22236	3.89962	2.72629	1.94495	1.28929	0.902192	0.0681138	0.637732	stair	0	ground
33	21.149	1.9388	9.40706	0.829118	0.690854	6.18591	1.57729	3.92187	6.92835	8.41607	13.3217	7.19285	3.45508	2.9749	0.858168	0.84514	0.214629	0.972025	stair	0	ground
34	21.726	0.452513	2.1487	0.826037	0.692415	3.88825	2.47525	1.57085	3.1308	7.40897	14.2188	7.67726	3.04163	1.19156	1.34673	0.827825	0.270188	0.776909	stair	0	ground
35	22.244	0.435416	3.12023	0.877542	0.80221	5.67842	1.44718	3.92379	7.89371	0.971679	11.1904	6.04211	0.398907	2.97636	0.787379	0.802294	0.237739	1	stair	0	ground
36	22.822	0.497336	1.61247	0.764274	0.775717	2.94643	1.92678	1.5292	5.87303	1.50903	9.76759	5.27388	0.619507	1.15996	1.04832	0.593338	0.271688	0.847569	stair	0	ground
37	23.34	1.21168	2.65173	0.68637	0.796668	4.94343	1.7331	2.85236	4.76462	1.26109	8.49706	4.58787	0.517719	2.16364	0.942944	0.835525	0.306337	0.926586	stair	0	ground
38	23.898	0.912951	3.76606	0.804883	0.791821	2.80577	2	1.40288	4.35218	1.15368	0.654692	0.353492	0.473624	1.06415	1.08816	0.64397	0.195309	0.710977	stair	0	ground
39	24.436	1.31263	1.16778	0.470802	0.720774	3.67765	1.67785	2.19188	6.24845	2.62883	1.04174	0.562471	1.07923	1.66264	0.912884	0.682775	0.172118	0.698891	stair	0	ground
40	24.993	0.564006	1.53851	0.731746	0.691615	2.48494	1.8622	1.33441	4.12672	0.835385	1.00671	0.543559	0.342954	1.01221	1.01318	0.599343	0.372093	0.527221	stair	0	ground
41	25.532	1.58279	1.62451	0.506503	0.640061	3.03905	1.79211	1.69579	5.6166	1.02241	1.01796	0.549636	0.419735	1.28633	0.975051	0.6206	0.256543	0.466998	stair	0	ground
42	26.089	1.0407	1.87275	0.642794	0.631346	1.60455	1.92678	0.83276	4.51081	0.596228	0.95682	0.516622	0.244772	0.631684	1.04832	0.361313	0.437069	0.25817	stair	0	ground
43	26.608	0.194666	3.15902	0.941954	0.65876	3.06999	1.79533	1.70999	5.77371	1.53957	0.716775	0.387013	0.632044	1.2971	0.976802	0.619704	0.339065	0.267902	stair	0	ground
44	27.184	0.430165	3.68233	0.8954	0.74368	2.33025	1.92308	1.21173	4.77021	0.573859	1.01232	0.546586	0.235588	0.919151	1.04631	0.532302	0.427864	0.180714	stair	0	ground
45	27.704	1.42513	1.56565	0.523493	0.702029	2.93227	1.73611	1.68899	4.95355	2.33886	1.05363	0.568894	0.960182	1.28117	0.944581	0.628377	0.35688	0.205828	stair	0	ground
46	28.205	-0.084523	0.84601	0.909166	0.782562	2.04157	2	1.02079	4.381	1.6724	1.39868	0.755198	0.686579	0.77431	1.08816	0.477911	0.154951	0	stair	0	ground
47	28.76	0.927908	2.61897	0.738387	0.80168	3.49167	1.79533	1.94486	5.35724	2.04167	1.36479	0.736902	0.838173	1.47526	0.976802	0.694402	0.313343	0.192276	stair	0	ground
48	29.318	0.750157	0.567957	0.430886	0.699467	2.25111	1.92308	1.17058	3.4293	2.0587	1.58982	0.8584	0.845167	0.887934	1.04631	0.596194	0.361913	0.11619	stair	0	ground
49	29.895	1.961	2.28486	0.538138	0.628014	2.48681	1.62602	1.52939	6.31509	2.10092	1.09748	0.592568	0.862501	1.16011	0.884681	0.492762	0.30128	0.12717	stair	0	ground
50	30.394	0.74846	1.52106	0.670212	0.657358	2.20226	2	1.10113	6.22985	1.43305	1.05508	0.569679	0.588316	0.835254	1.08816	0.435516	0.0775491	0	stair	0	ground
51	30.972	1.30971	0.983571	0.428892	0.561303	2.45031	1.73611	1.41138	4.88582	0.777112	0.802331	0.433208	0.319031	1.07059	0.944581	0.548146	0.351733	0	stair	0	ground
52	31.511	-1.45532	-0.257358	0.150266	0.443679	1.95669	1.85874	1.0527	6.19304	3.03073	2.05869	1.11156	1.24422	0.798519	1.0113	0.379816	0.383221	0	ground	0	ground
53	32.086	3.3239	-0.199994	0.0567536	0.368852	2.22034	1.7331	1.28114	4.52543	4.77956	3.44171	1.71141	1.78995	0.974545	0.948355	0.521141	0.268138	0	ground	0	ground
54	32.624	-0.446765	1.17015	0.723692	0.405963	1.5108	1.85874	0.812812	2.65947	4.01188	3.1811	1.49485	1.43057	0.642834	1.01537	0.461566	0.325122	0	ground	0	ground
55	33.182	3.49783	0.695005	0.16576	0.305073	2.13101	1.79211	1.18911	3.32855	3.97311	4.26745	1.82215	1.36007	0.946071	0.981035	0.575854	0.272843	0	ground	0	ground
56	33.739	0.37763	0.85333	0.693223	0.357939	2.30752	1.92678	1.1976	3.04044	3.12421	4.35904	1.71367	1.0621	0.957347	1.04901	0.6362	0.066364	0	ground	0	ground
57	34.316	1.23213	1.54596	0.556483	0.439182	1.72865	1.62602	1.06312	2.30609	1.09996	2.81976	1.09663	0.398912	0.8628	0.895538	0.563727	0.0636003	0	ground	0	ground
58	34.892	-0.184102	0.995716	0.843957	0.596623	1.59981	1.92678	0.830302	1.90306	1.51937	2.10978	0.835508	0.576919	0.696568	1.05473	0.572673	0.0567132	0	ground	0	ground
59	35.45	0.795339	-0.319349	0.286491	0.509183	2.10128	1.68067	1.25026	1.46075	1.63973	1.97442	0.799336	0.647037	1.04378	0.927429	0.750358	0.243582	0	ground	0	ground
60	36.046	0.121349	1.33509	0.91668	0.659367	1.70453	1.7331	0.983512	1.64444	1.78646	0.669549	0.292377	0.72637	0.836045	0.960553	0.636711	0.17002	0	ground	0	ground
61	36.623	1.32349	1.17834	0.47099	0.61492	2.35974	1.7331	1.36157	2.68028	1.21232	0.791479	0.369822	0.519257	1.13948	0.964357	0.675061	0.0557004	0	ground	0	ground
62	37.238	-0.404718	1.39684	0.775351	0.658694	2.2583	1.68067	1.34369	2.24728	1.74197	0.811862	0.404448	0.76555	1.11069	0.941284	0.693022	0.289914	0	ground	0	up
63	38.026	-0.0659294	2.33738	0.972567	0.684416	2.01252	1.44092	1.39669	2.10777	0.999695	1.11986	0.583691	0.465435	1.13693	0.82289	0.655013	0.281451	0	ground	0	up
64	38.66	0.658605	1.6326	0.712551	0.769628	2.03248	1.57978	1.28656	0.594404	1.01078	0.533246	0.299568	0.4969	1.04236	0.9111	0.873651	0.346763	0	ground	0	up
65	39.275	-0.00846552	1.08523	0.992259	0.784744	2.87904	1.30039	2.21398	1.43258	0.862901	0.58067	0.349777	0.450123	1.66183	0.769202	0.85255	0.193632	0.488569	ground	0	up
66	39.928	-0.491345	2.64377	0.843277	0.859201	2.36463	1.57729	1.49917	1.10801	1.63163	0.504858	0.326856	0.863985	1.11137	0.939285	0.834217	0.327704	0.534713	ground	0	up
67	40.601	0.153933	1.01081	0.867839	0.877698	2.57475	1.67785	1.53455	1.12569	1.75583	0.567348	0.392122	0.93633	1.12216	0.999255	0.854501	0.31314	0.553004	stair	0	up
68	41.217	-0.0699263	2.30339	0.970536	0.877292	2.89784	1.57729	1.83723	0.916594	1.31182	0.559623	0.386783	0.699553	1.34349	0.939363	0.901406	0.278927	0.568057	stair	0	up
69	41.831	0.0270256	2.44336	0.98906	0.932594	3.29112	1.67785	1.96151	2.43763	0.170269	0.541242	0.374079	0.0907992	1.43437	0.999255	0.816291	0.270236	0.582523	stair	0	up
70	42.466	-0.0267384	0.293177	0.916418	0.917426	3.33447	1.62602	2.0507	1.54687	2.15085	0.898449	0.620963	1.14698	1.49959	0.968384	0.87767	0.212761	0.531652	stair	0	up
71	43.061	0.0527548	1.64206	0.968872	0.942545	3.13964	1.57729	1.99053	2.01521	1.35122	0.654579	0.452412	0.720564	1.45559	0.939363	0.830258	0.224392	0.535636	stair	0	up
72	43.735	0.139791	2.32657	0.943321	0.957641	2.89772	1.44509	2.00522	1.6634	0.690019	0.653134	0.451413	0.367965	1.46634	0.86063	0.834655	0.224172	0.538873	stair	0	up
73	44.35	0.700924	2.47353	0.779198	0.919374	3.43825	1.79211	1.91854	1.66222	0.580061	0.757842	0.523782	0.309328	1.40295	1.0673	0.876714	0.118518	0.52321	stair	0	ground
74	45.041	0.476773	3.52988	0.881004	0.897763	3.29513	1.36986	2.40544	2.53845	1.07986	1.21587	0.840348	0.575857	1.759	0.81583	0.810273	0.0759775	0.48051	stair	0	ground
75	45.599	1.55318	1.86356	0.545421	0.823563	3.60711	1.62338	2.22198	4.80612	1.98375	0.717655	0.496007	1.05787	1.62484	0.966812	0.729123	0.230081	0.516593	stair	0	ground
76	46.271	-0.616811	1.66565	0.729761	0.775741	2.7787	1.62602	1.7089	3.00506	2.17899	0.925096	0.63938	1.16199	1.24965	0.968384	0.718365	0.204041	0.449858	stair	0	ground
77	46.79	1.19332	0.435468	0.267356	0.640548	2.13433	1.68067	1.26992	1.99237	2.18859	1.57808	1.09069	1.16711	0.928644	1.00093	0.69291	0.206438	0.319554	stair	0	ground
78	47.463	0.970127	1.279	0.568665	0.598441	1.36681	1.5748	0.867926	1.59254	0.872562	1.59292	1.10095	0.46531	0.634679	0.937884	0.539499	0.182266	0.148335	stair	0	ground
79	48.001	2.36219	-0.0512732	0.0212446	0.426489	1.96766	1.7331	1.13534	2.78031	1.92548	1.49087	1.03042	1.0268	0.830227	1.03216	0.580993	0.0185683	0	stair	0	up
80	48.712	0.0250643	1.72558	0.985682	0.514542	2.53095	1.57729	1.60462	1.3911	2.93588	1.54036	1.06462	1.56561	1.17339	0.939363	0.821518	0.0289086	0	stair	0	up
81	49.329	0.0929523	2.41071	0.962873	0.561164	3.01157	1.67504	1.79791	1.77219	0.688488	1.50643	1.04117	0.367149	1.31474	0.997581	0.836529	0.0221788	0.1499	stair	0	up
82	49.963	-0.317973	1.98521	0.861941	0.680081	3.00379	1.57978	1.9014	0.691397	0.591534	1.64712	1.13841	0.315446	1.39042	0.940847	0.928762	0.0353967	0.210029	stair	0	up
83	50.598	0.132602	3.02538	0.95801	0.75795	3.54054	1.62602	2.17743	1.47509	1.13357	1.99888	1.38153	0.604497	1.59227	0.968384	0.894708	0.098043	0.305589	stair	0	up
84	51.25	0.00280892	1.74121	0.998389	0.953379	3.38754	1.62338	2.08672	1.45564	1.29072	0.266397	0.18412	0.688299	1.52594	0.966812	0.887411	0.0670682	0.360675	stair	0	up
85	51.884	-0.013795	1.98699	0.993105	0.954864	3.66617	1.44718	2.53332	1.24273	0.246344	0.229715	0.158767	0.131367	1.85252	0.861876	0.915366	0.0759033	0.483636	stair	0	up
86	52.519	0.132048	1.88602	0.934567	0.949202	2.98781	1.62602	1.83751	0.78688	0.177387	0.237837	0.164381	0.0945947	1.34369	0.968384	0.918479	0.0725476	0.44865	stair	0	up
87	53.172	-0.281931	1.04785	0.787987	0.934411	2.74047	1.52905	1.79227	1.54404	0.934827	0.426628	0.294864	0.498514	1.31061	0.910636	0.829254	0.092347	0.509069	stair	0	up
88	53.768	-0.0880873	1.80258	0.953409	0.933491	3.18822	1.57729	2.02133	1.09644	0.77922	0.129344	0.0893958	0.415533	1.47811	0.939363	0.902634	0.0298928	0.609453	stair	0	up
89	54.383	-0.370542	1.99654	0.84346	0.902505	3.32504	1.57729	2.10808	1.14434	0.34264	0.159153	0.109998	0.182719	1.54155	0.939363	0.906058	0.0736245	0.67959	stair	0	up
90	55.056	-0.312077	1.79041	0.851567	0.874198	3.07064	1.48588	2.06654	1.48984	0.214259	0.14726	0.101779	0.114258	1.51117	0.884927	0.863523	0.0583116	0.734248	stair	0	up
91	55.748	-1.64606	0.975125	0.372016	0.761688	3.00816	1.48588	2.02449	1.59914	1.5634	0.494942	0.342079	0.83371	1.48043	0.884927	0.849741	0.0912952	0.715166	stair	0	ground
92	56.382	-0.877856	0.8912	0.503771	0.704845	1.7788	1.44509	1.23093	1.91927	0.77278	0.523976	0.362146	0.412099	0.900127	0.86063	0.622417	0.066006	0.695838	stair	0	ground
93	56.959	-0.65465	2.00217	0.753597	0.664882	2.68963	1.67785	1.60302	3.50744	1.13318	0.477206	0.329821	0.604286	1.17222	0.999255	0.671208	0.0540566	0.689423	stair	0	ground
94	57.651	-0.00212338	1.66087	0.998723	0.695935	1.86009	1.62602	1.14395	2.98244	0.736395	0.513653	0.355011	0.392696	0.836526	0.968384	0.537028	0.218959	0.678315	stair	0	ground
95	58.151	-1.83979	1.59078	0.463707	0.618363	2.913	1.7331	1.6808	3.28309	1.83901	0.631217	0.436266	0.980684	1.2291	1.03216	0.720069	0.199665	0.64967	stair	0	ground
96	58.766	-0.544875	1.63677	0.750246	0.694009	2.21596	1.7331	1.27861	2.69912	1.29574	0.493703	0.341223	0.690975	0.934996	1.03216	0.645164	0.191329	0.651947	stair	0	ground
97	59.303	-0.290431	2.04403	0.87559	0.768372	3.50244	1.79856	1.94735	4.55232	0.480212	0.432744	0.299091	0.256082	1.42402	1.07114	0.727381	0.139796	0.664187	stair	0	ground
98	59.996	0.290621	1.99809	0.873019	0.792257	2.0698	1.62602	1.27293	2.75107	0.582865	0.579794	0.400724	0.310824	0.93084	0.968384	0.608953	0.151896	0.647959	stair	0	ground
99	60.478	-0.843027	0.405865	0.32498	0.657508	3.02174	1.7331	1.74354	7.68878	1.95457	0.847971	0.586075	1.04231	1.27498	1.03216	0.540999	0.121219	0.589451	stair	0	ground
100	61.092	0.118688	1.08102	0.901068	0.744981	1.6592	1.67224	0.9922	0.93382	1.17504	0.5563	0.384487	0.626614	0.725556	0.995913	0.745983	0.244016	0.595966	stair	0	ground
101	61.764	1.22656	0.3544	0.224167	0.639765	1.26771	1.62866	0.778373	1.44405	1.3249	1.0108	0.698617	0.706526	0.569193	0.969961	0.525461	0.321734	0.522321	stair	0	ground
102	62.341	-0.161255	0.830171	0.837349	0.632117	2.33799	1.62602	1.43786	1.95717	1.4671	0.807891	0.558373	0.782359	1.05145	0.968384	0.736343	0.269528	0.502147	stair	0	ground
103	62.899	1.60045	0.504335	0.239614	0.505436	2.6094	1.73611	1.50301	2.42474	1.79158	0.889638	0.614873	0.955395	1.09909	1.03395	0.737401	0.24411	0.472892	stair	0	ground
104	63.494	0.258615	1.36721	0.840932	0.608626	2.52626	1.7331	1.45765	4.02197	1.59533	0.600929	0.415332	0.850738	1.06592	1.03216	0.61342	0.213485	0.500836	stair	0	ground
105	64.129	0.49792	0.375252	0.429757	0.514364	1.75147	1.68067	1.04213	1.40219	1.02042	0.557729	0.385474	0.544156	0.762064	1.00093	0.684821	0.217193	0.529258	stair	0	ground
106	64.668	0.58773	0.664369	0.530604	0.575651	1.5504	1.67504	0.925591	1.63086	0.302745	0.458726	0.317048	0.161444	0.676847	0.997581	0.590907	0.216616	0	stair	0	ground
107	65.262	1.35457	3.54345	0.723445	0.55287	2.51068	1.62866	1.54156	2.97375	2.97945	1.65784	1.14582	1.58885	1.12728	0.969961	0.676476	0.161949	0	stair	0	ground
108	65.916	0.70599	1.23233	0.635772	0.632102	1.9029	2.35849	0.80683	2.76073	2.4004	1.37662	0.95145	1.28006	0.590002	1.40461	0.565259	0.183688	0	ground	0	ground
109	66.493	0.977333	0.858796	0.467721	0.55746	1.44766	1.23916	1.16826	1.77259	0.461688	1.3933	0.966558	0.266276	0.866933	0.757844	0.541264	0.206098	0	ground	0	ground
110	67.146	0.721687	0.434081	0.375578	0.546624	1.82029	1.68067	1.08307	1.27329	0.495719	1.35004	0.942525	0.307889	0.819807	1.02501	0.722389	0.13795	0	ground	0	ground
111	67.704	-0.247599	0.908025	0.785744	0.597652	2.12989	1.62338	1.31201	2.84642	1.07895	1.49882	1.04157	0.692992	0.993785	0.991051	0.613549	0.35114	0	ground	0	ground
112	68.318	2.94458	-0.0235175	0.00792343	0.454547	2.17032	1.62866	1.33258	4.46565	3.32532	1.28893	0.905146	1.91795	1.00842	0.994848	0.513331	0.302334	0	ground	0	ground
113	69.184	-0.609428	1.62252	0.726952	0.472783	1.87603	1.52672	1.2288	1.72271	3.91668	1.84147	1.25634	2.00642	0.93645	0.938906	0.659617	0.298254	0	ground	0	down
114	69.742	-0.938293	3.7663	0.800558	0.539351	4.35489	1.36986	3.17907	2.26745	2.16885	3.72751	2.20312	1.09885	2.12097	0.855928	0.892735	0.117196	0.221013	ground	0	down
115	70.28	-2.65544	6.28456	0.702971	0.604829	5.67195	1.92308	2.94941	4.04879	3.04799	8.4359	3.56499	1.46455	1.79412	1.17785	0.887464	0.0926347	0.364291	ground	0	down
116	70.818	-0.765123	3.3087	0.812186	0.610118	4.48873	1.9305	2.32516	4.83217	3.52548	7.84993	2.69324	1.58405	1.35811	1.16122	0.806265	0.0703275	0.362746	stair	0	down
117	71.395	0.915887	5.70591	0.861686	0.78087	4.3975	1.67785	2.62091	3.14685	2.92786	4.13253	1.41783	1.31553	1.53086	1.00924	0.858825	0.0572527	0.404774	stair	0	down
118	71.894	-1.08141	3.00698	0.735491	0.782578	4.45658	1.92678	2.31297	2.09281	3.35759	3.04408	1.0444	1.50862	1.35099	1.15898	0.904666	0.203259	0.391328	stair	0	down
119	72.451	-0.288941	2.07282	0.877658	0.797998	4.28947	1.7331	2.47502	3.11663	1.22502	4.00081	1.37264	0.550419	1.44565	1.04248	0.85484	0.149426	0.404907	stair	0	down
120	72.971	-0.307978	5.22599	0.944348	0.846274	4.45111	1.9305	2.30567	1.39846	3.15323	2.36083	0.80998	1.41679	1.34673	1.16122	0.934063	0.199868	0.390363	stair	0	down
121	73.509	-1.64511	7.60793	0.822209	0.848278	5.65501	2	2.8275	4.39482	2.73159	4.64878	1.59495	1.22734	1.65153	1.20302	0.87905	0.421208	0.455654	stair	0	down
122	74.028	-2.27359	2.95713	0.565339	0.789009	5.02477	1.92678	2.60785	2.68396	4.69307	4.62285	1.58606	2.10867	1.52323	1.15898	0.903752	0.271821	0.472548	stair	0	down
123	74.566	-0.441116	3.60652	0.891018	0.820114	4.35635	1.79533	2.42649	3.29057	1.94414	4.47578	1.5356	0.87353	1.4173	1.07991	0.851345	0.241978	0.458736	stair	0	down
124	75.066	-2.33921	3.20463	0.578052	0.760193	3.89903	1.85874	2.09768	1.60616	1.94017	3.77165	1.29402	0.871751	1.22524	1.11805	0.904418	0.251637	0.400362	stair	0	ground
125	75.623	-1.92018	1.03121	0.349398	0.641203	3.9432	1.85529	2.12538	3.50255	2.21345	5.11393	1.75454	0.994536	1.24142	1.11597	0.804268	0.132668	0.360627	stair	0	ground
126	76.68	-0.99116	0.737835	0.426742	0.56211	1.39121	0.981354	1.41765	1.54487	0.974241	1.96464	0.67405	0.437742	0.828038	0.590294	0.555508	0.166927	0.22748	stair	0	ground
127	77.239	0.326513	1.48382	0.819639	0.61297	2.17655	1.73611	1.25369	1.93596	1.51418	2.30298	0.79013	0.680346	0.732275	1.04429	0.709757	0.0984221	0.103679	stair	0	ground
128	77.834	-0.343044	0.806936	0.701695	0.575105	1.78732	1.67785	1.06524	1.98907	0.95209	1.79864	0.617095	0.427789	0.622201	1.00924	0.615036	0.109332	0	stair	0	ground
129	78.583	0.341186	3.6544	0.914609	0.642416	2.15801	1.79211	1.20417	1.37556	2.92851	1.9171	0.657739	1.31583	0.703347	1.07797	0.760981	0.0782429	0	stair	0	down
130	79.121	0.462829	1.3919	0.75046	0.722629	3.15535	1.40647	2.24345	1.03682	2.26576	1.4355	0.492507	1.01804	1.31039	0.846005	0.905228	0.02585	0	ground	0	down
131	79.679	1.65586	7.11305	0.811167	0.799514	3.68945	1.7331	2.12881	0.640076	5.84422	5.81641	1.81487	2.25866	1.21388	1.03807	0.955089	0.0818932	0	ground	0	down
132	80.237	-0.591699	1.09821	0.649864	0.765559	4.29204	1.79533	2.39067	1.15114	6.42104	6.25155	1.78131	2.16137	1.31542	1.0673	0.940939	0.215996	0.126036	ground	0	down
133	80.775	0.833137	4.40957	0.841086	0.793437	4.04498	1.85874	2.1762	0.883008	3.60489	5.35393	1.44937	1.18807	1.17423	1.09351	0.948594	0.199462	0.138084	ground	0	down
134	81.332	-0.682175	1.40803	0.673633	0.745242	5.09532	1.79211	2.84319	2.13265	3.36235	6.30167	1.59345	1.09628	1.45633	1.04862	0.92342	0.290727	0.217647	stair	0	down
135	81.871	0.129652	1.51769	0.921296	0.779409	4.12902	1.92678	2.14296	1.63978	0.819199	6.21986	1.57276	0.267097	1.09767	1.12742	0.912255	0.255263	0.187652	stair	0	down
136	82.448	-0.241838	4.10118	0.944315	0.806039	4.17048	1.68067	2.48144	1.56891	2.61006	2.37121	0.599589	0.851002	1.27104	0.983414	0.91723	0.211009	0.208498	stair	0	down
137	82.928	1.09392	4.94005	0.818706	0.839807	4.58403	2	2.29201	1.24685	1.57733	2.69815	0.682258	0.514282	1.17401	1.17026	0.943969	0.252368	0.199877	stair	0	down
138	83.429	0.912972	3.57129	0.796405	0.830871	4.88228	2.00401	2.43626	2.883	1.38067	2.45064	0.619673	0.450163	1.2479	1.17261	0.891638	0.0215202	0.211882	stair	0	down
139	83.946	0.551514	2.81876	0.836359	0.863416	3.95295	1.99601	1.98043	1.97781	0.834839	1.5972	0.403871	0.272197	1.01441	1.16793	0.887498	0.0190992	0.162515	stair	0	down
140	84.523	0.379695	2.87889	0.883478	0.855853	3.50636	1.79533	1.95304	3.62912	0.182037	0.848376	0.214522	0.0593526	1.00038	1.0505	0.771662	0.227517	0.121982	stair	0	ground
141	85.004	0.961707	1.8795	0.661515	0.799292	3.88204	1.85874	2.08854	1.65339	1.15651	1.10359	0.279054	0.377075	1.06979	1.0876	0.897118	0.170759	0.108934	stair	0	ground
142	85.522	-0.739601	0.356374	0.325166	0.700584	2.65678	2	1.32839	1.60381	2.2835	1.61494	0.408357	0.744527	0.680428	1.17026	0.814614	0.221198	0.466494	stair	0	ground
143	86.118	0.538956	1.75962	0.765526	0.694409	2.71194	1.79533	1.51055	1.95676	1.89837	1.16714	0.295126	0.618957	0.773733	1.0505	0.789353	0.273822	0.526089	stair	0	ground
144	86.656	-0.725881	1.61592	0.690033	0.665143	3.09079	1.67785	1.84211	5.97746	1.27297	1.12739	0.285073	0.415049	0.943563	0.981764	0.615011	0.264721	0.573299	stair	0	ground
145	87.271	-0.0240054	2.44959	0.990295	0.686507	2.46928	1.79211	1.37786	3.02756	1.08979	0.932267	0.235734	0.355321	0.705764	1.04862	0.668047	0.201891	0	stair	0	ground
146	87.79	-0.824034	3.33993	0.802103	0.714624	3.51108	1.73611	2.02238	5.55489	1.19697	1.25454	0.317225	0.390269	1.0359	1.01585	0.687331	0.148647	0.636474	stair	0	ground
147	88.405	-0.997859	0.863348	0.463865	0.742364	1.9878	2.47525	0.803069	2.38554	2.48267	1.03218	0.260998	0.809467	0.411347	1.44834	0.623125	0.289468	0	stair	0	ground
148	88.925	-0.904446	1.65522	0.646655	0.71859	1.29877	1.36986	0.948102	3.24769	0.797364	0.831635	0.210288	0.259978	0.485636	0.801549	0.337493	0.356536	0	stair	0	ground
149	89.54	0.191323	1.14654	0.856993	0.751982	1.92204	1.85529	1.03598	1.44074	1.20809	1.05951	0.267909	0.393892	0.530648	1.08559	0.718525	0.177305	0	ground	0	ground
