dataset	step	gt	zFrac	aspect	rangeY	rangeZ	rmsZ	zPeakRatio	meanZ_offset	maxZ_offset	compactness	z_dominance	start_pY	start_pZ	n_samples
일반보행	1	ground	0.7809974036113189	1.4577534630935784	3.8112000000000004	5.55579	1.758184695241248	0.6583379650200035	-2.398459216	0.7606299999999999	3.851316193027783	0.3735757993866486	0.00260019	3.62186	25
일반보행	2	ground	0.9006336372940349	2.1858596257219816	2.197099	4.80255	1.6205858046853767	0.6871459356790116	-1.345413607142857	1.3626200000000002	3.309583167251687	0.2877167594665722	-0.0392571	2.19257	28
일반보행	3	ground	0.876787082113022	2.6749872761086007	2.945457	7.879059999999999	1.9467699242949452	0.7383841898727123	-0.7934399615384615	3.9400299999999997	2.971514349135804	0.530062403860075	0.335841	1.78769	26
일반보행	4	ground	0.759822035898094	2.2260751917245623	4.2132	9.3789	2.0383339249199075	0.7144474981503375	-1.3458186821212121	1.5721699999999998	4.828344056754897	0.5477803312837556	0.786235	1.93968	33
일반보행	5	ground	0.7845768493471329	1.7724759733270459	3.21421	5.69711	1.7450037799339853	0.6364119796673396	-0.9063521379310344	2.129	2.9780297246351264	0.5518638889926876	1.68093	1.61687	29
일반보행	6	ground	0.48814592211722213	1.0328311552539013	3.0757369999999997	3.176717	0.6968747195666181	0.5391691331681392	-1.314016854385965	0.7494099999999999	5.223348062627976	0.30623792236897707	-0.372876	1.8372	57
일반보행	7	ground	0.694374484900053	1.4097282586896862	2.192458	3.09077	0.8389698625748603	0.4559464074097556	-0.426566008	0.6784700000000001	2.844277908842668	0.8690425507842858	-0.38775	1.04348	25
일반보행	8	ground	0.8987176058984115	3.3480604043618043	2.025295	6.780810000000001	1.519600838944849	0.7695130232255524	-0.9590726166666667	3.1490800000000005	3.2193384624976584	0.9447255422400268	0.122503	1.04315	36
일반보행	9	ground	0.8467529304901275	2.1964358277242964	2.891275	6.3505	1.7820780470923014	0.6819141505464338	-1.7384690344827585	1.9748000000000006	2.683782236451289	0.5097515941289371	-0.654216	2.24333	29
일반보행	10	ground	0.7853324088007241	2.1338096994239533	2.99769	6.3965	1.5750202513356126	0.7044343546849636	-0.8634718407407407	2.90597	3.196084482759398	0.5733587664182757	0.629697	1.1419	27
일반보행	11	ground	0.519041999893095	1.0801389408826112	4.60051	4.96919	1.288411220115984	0.4678570813733085	-0.5226807896551724	2.299577	2.7743938718370624	0.8107886390925042	0.565414	0.693403	29
일반보행	12	ground	0.8015747818187852	1.8798734144856328	4.10159	7.71047	1.9746595970199616	0.6380209669479185	-0.4787077592592593	4.350485	2.5924518834440424	0.677342766426629	0.817827	0.620515	27
일반보행	13	ground	0.650327695325986	1.290201293766129	4.563969999999999	5.88844	1.6150694653447448	0.5298567113527757	-1.27713296	2.15964	2.261802894410979	0.6796231199604668	-0.419416	1.60549	25
일반보행	14	ground	0.6857494310026891	1.5003754411814914	3.645041	5.46893	1.4236382197103559	0.5654568460464089	-0.5144814285714286	3.0615680000000003	2.8057671893060485	0.7955244168368178	0.829071	0.602762	28
일반보행	15	ground	0.6530597374286683	1.0196671707181262	4.339465	4.42481	1.4469525211287064	0.4579861458962994	-1.1402386800000002	1.48925	2.8739209125233227	0.6040259101020764	-0.41903	1.38481	25
일반보행	16	ground	0.7093897721660786	1.1968492812674614	3.11548	3.72876	1.0811903315471043	0.539476556205195	-2.22784334375	0.0	3.5692076305635925	0.8254362806925266	-0.260334	2.24904	32
일반보행	17	ground	0.6894254335166663	1.1908840148168882	3.1105799999999997	3.7043399999999997	1.259060451079836	0.5853103618997534	-1.7142603200000002	0.6196999999999997	3.069132793391873	0.5673942211680262	-0.289714	1.93748	25
일반보행	18	ground	0.6727536689978538	1.4440622136831411	3.55225	5.12967	1.3269951624718839	0.6138203886659279	-0.976958963125	2.354838	3.649548252774979	0.602770454722337	0.634786	0.974622	32
일반보행	19	ground	0.5722775387684497	1.0381949278979092	4.52259	4.69533	1.2971505685111087	0.480899441015398	-1.432272723076923	1.1660200000000003	2.3573489531107517	0.7258698622965621	-0.448362	1.60889	26
일반보행	20	ground	0.7368591392022069	1.3981543937731797	3.37992	4.72565	1.394378718233383	0.541113958138944	-1.2989416827586207	1.4005100000000001	3.0904989177635223	0.41787072107983886	0.775543	1.32362	29
일반보행	21	ground	0.6108587702076139	1.0621148977172896	4.75361	5.0488800000000005	1.5017454266296884	0.46250632957746485	-1.025021388888889	1.7060499999999998	2.627934615991777	0.9356720005692544	0.467349	1.11627	27
일반보행	22	ground	0.7073884105596858	1.3161248737291404	3.5840899999999998	4.71711	1.362498429851471	0.5731864818452649	-1.5217842951724136	1.34108	3.4309951179333504	0.47218724504904347	0.657496	1.61024	29
일반보행	23	ground	0.5790602874898158	1.2208410730674693	3.9620800000000003	4.83707	1.3012471788781317	0.4980772647132671	-0.34446077407407405	2.455857	2.591970966932671	1.281387870344214	0.250015	0.431213	27
일반보행	24	ground	0.7446845564676563	1.3325249515377608	2.89055	3.85173	1.320892916405906	0.546313866570654	-2.0575592366666666	0.10841999999999996	3.3645826364261233	1.0326524445975804	0.834311	1.89246	30
일반보행	25	ground	0.725990644014283	1.5260903527324012	4.10899	6.27069	1.863797489110699	0.5955082972850312	-2.2996027192307693	1.40394	2.622274679335837	0.8436981887224944	-0.928639	2.36689	26
일반보행	26	ground	0.7341899987096947	1.5042166618582387	3.64032	5.47583	1.6765654329704154	0.6279463868935156	-0.7081021344827586	2.6498209999999998	3.070467510345116	0.7261410511303462	1.63393	0.655469	29
일반보행	27	ground	0.6330853047890616	1.0424356066186342	5.0556600000000005	5.2702	1.6308287145838438	0.48860009797232806	-2.4192281346153846	0.81935	2.437027821901463	0.560502184551025	-0.634935	2.59938	26
일반보행	28	ground	0.7653343373009601	1.711004652295654	2.75956	4.72162	1.379054261049337	0.6335238953074903	-0.6534056333333333	2.124297	3.234809672318343	0.7651543892479126	1.1999	0.571873	30
일반보행	29	ground	0.6805298555405572	1.2805003524614642	4.08192	5.2269000000000005	1.526784308853415	0.5645856765324795	-1.4355441346153845	1.6906800000000002	2.4575439126561114	0.5898533985564275	-0.174373	1.5971	26
일반보행	30	ground	0.663749695863968	1.2233954338046096	3.7627	4.60327	1.37529835788817	0.5376275495301804	-0.6721904103448276	1.916648	2.978674464756355	0.857276351363708	1.07141	0.578132	29
일반보행	31	ground	0.6654699448649407	1.081557955182123	4.69102	5.07361	1.7516172773472063	0.5129401457927958	-1.192590048	1.9146200000000002	2.7049711650586286	0.5743343063605891	0.620442	1.31758	25
일반보행	32	ground	0.7341490822843905	1.4493984958648174	3.857	5.59033	1.4914429069618476	0.5997485206603052	-0.6463498474193549	3.020099	3.1822961050650784	0.6945295187125792	0.375639	0.643081	31
일반보행	33	ground	0.6279001384031143	1.209621591793807	4.0274	4.87163	1.3677945027826934	0.5353292392774862	-0.537836074074074	2.4972710000000005	2.6324497472726582	0.7040278580758242	0.267607	0.709849	27
일반보행	34	ground	0.567042910826088	1.2080547123050984	4.60004	5.5571	1.3794806642119224	0.5327623799355892	-0.5232053366666667	2.999952	3.131632785164377	0.9140127102878468	1.33117	0.318188	30
일반보행	35	ground	0.7653790650335623	1.4633805077438227	3.54497	5.18764	1.6551611715872612	0.5939452134507367	-1.4742241576923076	1.7577500000000001	2.6722452541489905	0.5816692878275526	-0.162334	1.60711	26
일반보행	36	ground	0.7262603996033126	1.4899236232379292	3.92006	5.84059	1.566230219627161	0.6263199106348477	-0.7762294137931034	2.983288	2.5986397653028748	0.9376748790450562	0.510527	0.744042	29
일반보행	37	ground	0.7227430065935746	1.2483639232810937	4.25408	5.310639999999999	1.6899746600386554	0.5091480078912844	-0.8786321923076923	2.005966	2.628574061490413	0.7073921485818991	0.145927	0.918794	26
일반보행	38	ground	0.6646976785779124	1.29657540719514	5.2707	6.83386	1.7288649684336552	0.5572869344987325	-0.3868528413793103	4.243327	2.8458651964034125	0.7859343550882464	1.30146	0.277223	29
일반보행	39	ground	0.628248272692262	1.0654666773074897	4.786709999999999	5.10008	1.5015993474970464	0.5207727002233181	-1.130186525925926	1.7189899999999998	2.6938936337336057	0.8288808513574617	-0.291064	1.30145	27
일반보행	40	ground	0.6284615720839969	1.5808109918898499	3.5734	5.6488700000000005	1.4591628825854348	0.6201339962977046	-0.5802567285714285	2.709294	3.0332477531537236	1.0437392744495881	1.16884	0.379426	28
일반보행	41	ground	0.5518712630350328	0.9456875200962177	5.519909999999999	5.22011	1.5077466026878703	0.45009012083627564	-1.0859812814814815	1.9481999999999997	2.6823392691700905	0.7864358158626177	0.0721869	1.26313	27
일반보행	42	ground	0.6296068759385068	1.0511490311717304	5.07732	5.33702	1.5211577324460144	0.506638842546676	-0.6745008666666666	2.95988	3.030432684437294	0.7700557203084814	1.33453	0.54104	30
일반보행	43	ground	0.7257348423071522	1.325109379667904	4.60322	6.0997699999999995	1.9662168190818199	0.5728792409593506	-2.388907846153846	1.4551699999999999	2.6416292117674574	0.7933403880752739	0.200483	2.46569	26
일반보행	44	ground	0.6848364127255955	1.2599097576202032	4.47463	5.63763	1.6774875487872698	0.548986208839644	-1.2630889483870968	2.47521	3.0483913059717995	0.642508520191727	0.861858	1.26668	31
일반보행	45	ground	0.6608265030787538	1.138228961116323	5.49892	6.25903	1.8232726960823276	0.5306309979347936	-1.999631216	1.7715999999999998	2.0392048523934303	0.7706188186632715	-0.5623	2.08007	25
일반보행	46	ground	0.7264587315223482	1.5780331895481983	3.91263	6.17426	1.7968563990864808	0.6192201539247911	-0.7806554862068965	3.22481	3.059143663969822	0.6290343500254125	1.51754	0.67006	29
일반보행	47	ground	0.6485252744075464	1.1891406683305312	5.21929	6.2064699999999995	1.7882178896341936	0.510969592802653	-1.1286467115384615	2.60388	2.1649832377623013	0.8253025914275247	-0.215648	1.22178	26
일반보행	48	ground	0.6753480363733068	1.364874874647349	4.23896	5.78565	1.8128613164436758	0.6092788537112909	-1.536109048275862	2.13055	3.330666330599439	0.5532475648053539	1.9193	1.46372	29
일반보행	49	ground	0.7234334894391697	1.463901084741075	4.953749999999999	7.2518	2.1138813623300496	0.5461141280008406	-0.5732131988461538	3.046293	2.529389637474116	0.9840806093097356	0.40103	0.673547	26
일반보행	50	ground	0.777845805758973	1.3995504830852337	3.1011100000000003	4.34016	1.4406005398845236	0.6106502128006773	-1.3957543774193548	1.3656699999999997	3.6778256817239305	0.515587699504795	0.867877	1.36586	31
일반보행	51	ground	0.6409073689420132	1.459876797418907	3.75805	5.48629	1.5397832851200068	0.6055613895706419	-1.3109480336	1.8329600000000001	2.132247938737969	1.0185197270396993	-0.300879	1.21173	25
일반보행	52	ground	0.7934329655824639	1.8804064471162405	3.34508	6.29011	1.9001471527183325	0.6631363169230019	-0.4230248620689655	3.146287	2.8296406752195393	0.9327038173805808	1.36658	0.366923	29
일반보행	53	ground	0.6722099226604978	1.3516373616230788	5.4496199999999995	7.3659099999999995	2.075079685089611	0.5578357850169553	-1.83319372	2.3800399999999997	2.3087438813752588	0.8645286659851973	-0.203682	1.97972	25
일반보행	54	ground	0.8013716384798165	1.5570066110536325	3.3018099999999997	5.1409400000000005	1.6296453237341935	0.5733896009427986	-0.9808569172413794	2.111303	2.8291364286437397	0.8457314391125209	1.07074	0.887387	29
일반보행	55	ground	0.700125187977567	1.5163072667910689	4.61696	7.00073	1.927622914343786	0.5675950530835167	-1.6726588192307692	2.32611	2.285458372554663	0.7871344361826761	-0.401657	1.77053	26
일반보행	56	ground	0.823975235741352	1.9356577436328355	3.27825	6.34557	1.9578886388137149	0.6439082879109663	-1.6524645642857143	2.14187	3.149445261174615	0.9884538147140479	0.400382	1.51522	28
일반보행	57	ground	0.6923758307187108	1.2860320861715866	5.6054900000000005	7.20884	2.2045760260561305	0.4955878556820804	-2.6335678799999998	1.1926400000000004	2.2697309515122646	0.9581186394984885	-0.657482	2.74374	25
일반보행	58	ground	0.7147673310381508	1.5029970346219617	3.58521	5.38856	1.6975868399167193	0.6343004196278736	-1.7207181306666666	1.50974	3.527816467280738	0.8616171633799724	1.67365	1.67722	30
일반보행	59	ground	0.6380755758833586	1.296151931068889	5.64413	7.31565	1.9578965701825755	0.5349152427676829	-2.717226	1.6848300000000003	2.4404858339812576	0.8553294023106222	-0.683222	2.76674	26
일반보행	60	ground	0.8019505003221813	1.991103889581171	3.39137	6.75257	1.910878411641648	0.6894079404346073	-1.481801857142857	2.7445899999999996	2.667358382760569	0.7752965912252078	1.1831	1.49298	28
일반보행	61	ground	0.6671033471105462	1.2510016207662844	5.32387	6.660170000000001	1.8060883040082065	0.5438432592489063	-1.253555252	3.3242400000000005	2.2811924552674196	0.7868996860230387	-0.117522	1.27464	25
일반보행	62	ground	0.8002007498915943	1.8088407878749386	2.76921	5.00906	1.5332406692308558	0.6331069818702237	-1.1758561379310346	1.8505299999999998	2.9741725809033626	0.7890348108904107	0.640963	1.16185	29
일반보행	63	ground	0.7575965198666245	1.606221393339185	5.02074	8.06442	2.020932351531856	0.589419285630395	-1.6023254038461539	3.74754	2.3644322722683726	0.8506454639430353	-0.321669	1.59821	26
일반보행	64	ground	0.8105002331336352	1.633454954858925	3.40673	5.5647400000000005	1.6824963409942484	0.5924022329071291	-0.7785618379310345	2.51369	2.9826261229697213	0.7665497367497356	1.16085	0.75047	29
일반보행	65	ground	0.732802557785845	1.7947558732279703	4.034571	7.241070000000001	1.635166489862587	0.6029562309505878	-1.1218269863333332	3.49169	2.374773138401872	0.5534922295612181	-0.878986	1.27325	30
일반보행	66	ground	0.8667599475516015	2.7279312093058623	2.465722	6.72632	1.7200891999987855	0.6695651778258495	-0.8653234192307693	3.7656730000000005	2.542919366757013	0.8679665346739839	-0.418041	0.660347	26
일반보행	67	ground	0.8724819182472778	2.980484673951281	2.485995	7.40947	2.039277966795009	0.6962008121845962	-0.9276232655172414	3.704941	2.082243450741379	0.8565765885516494	0.354241	0.959319	29
일반보행	68	ground	0.9064912958036176	2.2892274682477183	3.210926	7.3505400000000005	2.0400402649610947	0.5983551410201665	-0.9070946633333334	3.533676	3.5928151905880243	0.9895669131287178	0.279714	0.868704	30
일반보행	69	ground	0.7684890433556164	1.9380142710918857	2.806517	5.43907	1.5748728434799173	0.6413697096818181	-1.58172356	1.56874	3.2595384150077944	0.5350337182498875	-0.368707	2.13551	25
일반보행	70	up	0.778925437205346	1.27954400960488	3.39832	4.3483	1.4108977501100917	0.5370762543773642	-1.242375975	1.13536	3.871169134939936	0.5100377636224708	0.0689925	1.25109	32
일반보행	71	up	0.9070750909269436	2.7915422446764375	2.263154	6.317690000000001	1.7905108729554475	0.6873659727149384	-0.9242435	2.883896	2.801666427593893	0.8885947769716209	0.231861	0.981754	28
일반보행	72	up	0.8262450659947015	1.5485657307879337	2.511524	3.88926	1.1160456096883615	0.5672656156223954	-1.1594941533333334	1.0087399999999997	4.182615374376765	0.7517974508906744	0.0568919	1.15223	30
일반보행	73	up	0.8347731541001027	2.1265850655176948	2.824251	6.00601	1.6588173106203963	0.6440301511565679	-1.255278576923077	2.3859	3.419162105297715	0.7641337704067822	-0.382758	1.24444	26
일반보행	74	up	0.8853974513705906	2.259532363252798	2.347083	5.30331	1.5490876817743515	0.6666610193720885	-0.7736188482758621	2.030289	3.243284434192774	0.6667876139457584	0.786025	0.518451	29
일반보행	75	up	0.9304654004377015	3.230072502137417	1.7099739999999999	5.523339999999999	1.6529225666369274	0.7518234240961871	-0.5701276785714285	2.691181	3.011969420906247	0.7232965779761769	-0.129592	0.656809	28
일반보행	76	up	0.8916389992411902	2.652207873019457	1.979234	5.24934	1.4120934920521604	0.6682430897233381	-0.9235514193548388	1.7283110000000002	2.872185043825504	0.9450871709493754	0.0621663	0.812319	31
일반보행	77	up	0.9640959125966851	4.097355880383092	1.293173	5.29859	1.534896798480558	0.7972017884671471	-0.992377361	2.5132600000000003	2.688243336567344	0.5576013375765674	-0.118505	1.10174	30
일반보행	78	up	0.9255834162763468	2.914691234552437	2.2113319999999996	6.4453499999999995	1.8007651086994199	0.7219006986991836	-1.6122844466666666	2.4183399999999997	2.9575898750307594	0.7615462060448479	0.0751258	1.36865	30
일반보행	79	up	0.8781436333233112	2.023835471741754	2.1516669999999998	4.35462	1.4848750771989254	0.5795446831448596	-1.361847393939394	0.9094999999999998	3.377759647702392	0.5235663245675074	-0.370744	1.4814	33
일반보행	80	up	0.9268465118150727	2.7347567944868594	2.297122	6.28207	2.0769545260378144	0.6706570921927845	-1.6289694074074075	1.79743	2.2131167378140315	0.8772872418550708	0.519519	1.53589	27
일반보행	81	up	0.8054439037879605	2.1154896270164176	2.389825	5.05565	1.376681235714564	0.6075222196704205	-1.0754371342105262	1.697478	3.9877283344768593	1.0571355100361999	-0.146696	0.880822	38
일반보행	82	ground	0.7961376213109773	1.9014381596738186	2.254199	4.28622	1.287864862097508	0.6604458789860946	-1.6615693	1.0469600000000001	3.231763023368166	0.5140039509918567	0.847265	1.63731	30
일반보행	83	ground	0.799215624796014	1.8672168492226502	2.62458	4.90066	1.440580266977151	0.6459596856808342	-1.81046908	0.7539999999999998	3.1976560619711685	0.3588687981615775	-0.189111	1.93212	25
일반보행	84	ground	0.5684404087556053	1.172764494688453	4.5622799999999994	5.350479999999999	1.4598232181124384	0.46986611252107496	-0.9151230625	2.191748	3.9740832768678436	0.6143014410745444	1.11272	0.865652	32
일반보행	85	ground	0.627701653711077	1.4092887908282934	3.93485	5.5453399999999995	1.5501981418761008	0.46966964195716915	-1.4450377076923075	1.82248	2.854921614512188	0.35691738699777403	-0.395938	1.54453	26
일반보행	86	ground	0.8675184392745051	1.8078955038379498	2.77677	5.02011	1.4434571837460106	0.6191854741751679	-1.4726754857142859	1.3896	4.290671750913854	0.5950680115896312	0.133457	1.72455	28
일반보행	87	ground	0.7551618365222545	1.7056935680694654	3.74844	6.39369	1.4643226278880337	0.6963749067185564	-0.7543855277777778	3.4631290000000003	4.308468495075812	0.5808429118019395	-0.216146	0.937271	36
일반보행	88	up	0.8741378005848327	2.6182958792963986	2.2341860000000002	5.84976	1.4334105062534597	0.649426267799927	-0.9208234666666667	2.512907	2.909286642236309	0.6239339672012959	0.676372	0.798563	30
일반보행	89	up	0.8450734599036532	1.8766551242581235	3.16819	5.9456	1.5611319414540985	0.6915944863481053	-0.5085961818181818	3.171771	3.4620021040212405	0.783389046542162	0.717849	0.489959	33
일반보행	90	up	0.8444540197122538	1.996430193761156	2.702108	5.39457	1.4533998474602396	0.5853642893907516	-1.5779730689655171	1.3099200000000002	2.8384946780698335	0.7437611425473467	0.847619	1.51969	29
일반보행	91	up	0.9520748366676339	4.409928695665682	1.3248060000000002	5.8423	1.7561757052798581	0.7704889106167969	-1.2255384489655172	2.0656100000000004	2.6453174055992412	0.8540034145110479	-0.308648	1.12218	29
일반보행	92	up	0.9378098330679271	2.7939941611661188	2.131726	5.95603	2.112164982328534	0.7120190794054724	-1.4150900689655173	2.17915	2.632148615302691	0.5692542047631068	0.115091	1.39745	29
일반보행	93	up	0.9489395979975643	3.5735202341535333	1.89118	6.75817	2.1421782975722086	0.7344893621120723	-1.3120818666666665	2.4017500000000003	2.6581507536252538	0.9841804557288781	0.118215	1.23799	30
일반보행	94	up	0.9185011455294311	2.408518010094184	2.8166200000000003	6.78388	2.179603365668905	0.7024792066143297	-1.7309761906249999	2.22178	2.864011662456011	0.6310331605621059	0.0797236	1.73348	32
일반보행	95	up	0.9292785016036592	2.740123447744238	2.418329	6.626519999999999	2.128069055585172	0.7018856195836521	-1.0094699	2.8743	2.9450990357973965	0.5920839365165091	-0.579113	1.0103	30
일반보행	96	up	0.8943358653385853	2.223704979722001	2.852042	6.3421	2.02438540774432	0.6612498356734616	-0.8660567379310345	2.821025	2.651349730891219	0.6064288292378618	-0.382693	0.903835	29
일반보행	97	up	0.9017816025934198	2.552238676671079	2.4438310000000003	6.23724	1.697739077225668	0.6961938790160713	-0.9127084906249999	3.192762	3.3251981991355772	0.7803558771862861	-0.229434	0.840498	32
일반보행	98	up	0.9472869930593396	3.08049183318499	2.8570599999999997	8.80115	2.4279919950846334	0.7765131028327185	-1.0432618529411766	4.760502000000001	2.7741765712658886	0.4880359044695793	-0.8315	0.882178	34
일반보행	99	ground	0.8973653802122535	2.5403587204030824	2.442285	6.204280000000001	1.804853309803269	0.649749627192575	-1.2360917777777778	2.1575800000000003	2.5042741735300464	0.8227609472318111	-0.49588	1.29005	27
일반보행	100	ground	0.7120588160552569	1.5750093088989103	3.78653	5.96382	1.6383696753233075	0.5537232819047124	-0.628591909090909	2.490246	3.744648496268014	0.42114430784573936	-0.532352	0.593594	33
일반보행	101	ground	0.8489269383410638	2.522645328687556	2.962973	7.47453	1.9158068959435448	0.7294614759324695	0.423877232	5.778995	2.5085644316645146	0.6280813650982697	0.304042	-0.287485	25
일반보행	102	ground	0.699618974781767	1.805338403047199	3.67638	6.63711	1.6260005254446068	0.655897893290053	-1.0775672931034483	3.5875839999999997	3.2152557948703557	0.5904638322893551	-0.26583	0.985546	29
일반보행	103	ground	0.7794183213381739	1.7984872614655776	4.34444	7.813420000000001	2.143716363525887	0.6183280099832889	-1.8973658076923077	2.85075	2.3899391758145963	0.9326239459459122	0.281896	1.92712	26
일반보행	104	ground	0.7451428182177647	1.6505320503349108	4.11145	6.78608	1.800341860734455	0.599646118655786	-0.75838793	3.7393449999999997	3.1919425026535446	0.7021530229328831	-1.15191	0.693425	30
일반보행	105	ground	0.8086212778615648	1.6837302635067466	4.22576	7.1150400000000005	1.9253368273951539	0.6137734059995364	-1.6683675814814816	2.95245	2.7891881576653237	0.704984026218146	0.906366	1.85911	27
일반보행	106	ground	0.77731994183126	1.5730740711869848	3.059252	4.81243	1.5528582733825758	0.4905217896387315	-0.7310638214285714	1.7374699999999998	3.7206543856223075	0.8660636836961734	0.134447	0.53779	28
일반보행	107	ground	0.8593418410728277	2.6736540229722783	2.768047	7.4008	1.926408846575966	0.7235442060236097	-0.9150064285714284	3.59016	2.7409322162306213	0.3576092440884007	1.33228	1.24873	28
일반보행	108	ground	0.6988690126693575	1.4538495164582363	3.40809	4.95485	1.3131161534861517	0.5525109098452841	-0.45408637333333335	1.9882339999999998	3.0384056983047674	0.4199937310131061	1.06377	0.321796	30
일반보행	109	ground	0.5348261196462809	1.2016652430705617	5.23407	6.2896	1.3823003559956903	0.5243753344285271	-0.8477508781249999	3.171759	3.804496138347148	0.5059648246648166	-0.763873	0.962951	32
일반보행	110	ground	0.6498337888320995	1.4803385587082962	4.42109	6.54471	1.9765078598132786	0.5100533166917604	-2.5159170499999997	1.0851900000000003	3.2440321828993945	0.607835570799025	-1.13235	2.33865	24
일반보행	111	ground	0.8713311855783115	2.8805832973186134	2.4678959999999996	7.108979999999999	1.8246085575519744	0.7010911036010258	-1.0636946206896551	3.59713	2.917818609689091	0.7229974489979522	-0.659424	1.17125	29
일반보행	112	ground	0.6788591886139266	1.7144038921236158	3.27592	5.61625	1.3447875959163464	0.5797016046273189	-0.2808110974333333	2.450245	3.9245917337837395	0.4165970738297653	0.826575	0.204895	30
일반보행	113	ground	0.9642434095776046	4.986621813314921	1.4198490000000001	7.0802499999999995	1.765595940610296	0.8424120666196036	-1.3969087444444444	3.39456	2.5156949818073127	0.6568421051820534	0.303882	1.53164	27
일반보행	114	ground	0.80517072336175	2.0854711445792455	3.30673	6.89609	1.9599057121082109	0.6739973209159258	-0.9086827535714286	3.40244	2.6763132077440215	0.9214623952169368	0.52493	0.68838	28
일반보행	115	ground	0.8733184431553577	1.9863460752987285	3.13463	6.226459999999999	1.8551138069503486	0.7358792892772734	-0.7060781851851852	3.4338719999999996	2.488174724195539	0.5316787602576777	0.30531	0.951998	27
일반보행	116	ground	0.7766865842665479	1.7485676542708024	3.45238	6.03672	1.5613161004954657	0.5928469097704454	-0.19385627	3.4784221	3.2697341414391246	1.3511432459193875	0.297729	-0.0395721	30
일반보행	117	ground	0.8742211924204205	2.020094645778737	3.67262	7.41904	2.1702752481155216	0.6768312826559536	-1.4305783703703705	3.2102399999999998	2.4115093884989265	0.6975456230399639	-0.433727	1.54274	27
일반보행	118	ground	0.8661136228639109	2.4935726115060732	2.837078	7.07446	1.742885190319285	0.6638714657787026	-0.9508331	3.3840139999999996	4.2303447155271625	0.9649466811512402	0.0762019	0.932226	31
일반보행	119	ground	0.8810396729819958	2.1220610608141928	2.736745	5.8075399999999995	1.7080145908897493	0.613293744960626	-1.0684975472222222	2.482227	3.9040174800988128	1.4906957513162968	-0.800035	0.589283	36
일반보행	120	down	0.9699163770470803	3.7048314433631804	2.3169880000000003	8.584050000000001	2.9712097435709515	0.7120306315200553	-3.931417332	0.4802200000000001	2.2591490202199833	0.7343333957346654	-0.521834	3.83962	25
일반보행	121	down	0.9439682619518364	3.173699861416349	2.549173	8.090309999999999	2.809091168617129	0.6741513088325357	-2.7604722500000003	1.8351499999999996	2.3681058230079604	0.8926390687402086	0.575753	2.92872	28
일반보행	122	down	0.9802828901687994	4.74434467427721	2.291425	10.87131	3.819161566990011	0.7765829852988905	-5.0329722	0.8704999999999998	2.1553779961248867	1.157668602534194	-0.803465	4.7821	25
일반보행	123	down	0.9570779602710144	3.6958623890459004	2.882123	10.65193	3.582187807860466	0.7530838886756246	-3.8819324482758617	2.4125700000000005	2.7499312182839657	0.8328315126889135	0.77587	4.05261	29
일반보행	124	down	0.9655930869960102	3.729310888510717	3.091421	11.52887	3.755642392453579	0.7552339382495713	-4.877670792	2.4479499999999996	2.00396475399005	0.7192197734469753	0.721011	4.86603	25
일반보행	125	down	0.9670418525664236	4.344322937772987	2.622114	11.39131	3.4548576304026706	0.7776978682331666	-5.061746814814814	1.4340900000000003	2.4733225448068272	1.0044843107242694	0.595003	5.08651	27
일반보행	126	down	0.9733091789402414	4.721887361802467	2.082142	9.83164	3.256613915846955	0.7934605230641341	-2.329554615384615	3.1016	2.4599329112929693	0.8963931497957859	-0.0862516	2.58241	26
일반보행	127	down	0.9128282671879635	2.7331147044684614	3.278933	8.9617	2.882326480756722	0.6598063737247468	-0.6018621428571429	3.8122670000000003	3.2781203281100426	1.330460062966725	-0.810403	0.361713	28
일반보행	128	down	0.9773430056479833	5.437677113984033	2.099253	11.41506	3.6617298059337022	0.8195325159259177	-3.8292200000000003	2.5207299999999995	2.268445247813694	0.8124675181966814	-0.454817	3.99298	26
일반보행	129	down	0.9179661814478364	3.2395576310077185	3.5382300000000004	11.462299999999999	3.4980380515728675	0.7414921346040173	-4.99057022962963	1.5626299999999995	2.70641586248329	0.8931434012564157	-0.98606	4.95734	27
일반보행	130	down	0.9582427191526149	4.90852173602923	1.807096	8.87017	2.4638933659985285	0.7819301314200137	-1.292588652	4.1714199999999995	2.861887557603185	0.5505544660078745	0.109566	1.91539	25
일반보행	131	down	0.7658545818333227	1.394879748923039	3.24281	4.52333	1.421657031372238	0.6253372422913821	0.393369976875	2.9016565	4.299585153494454	0.6293714381234816	-1.44861	0.0929835	32
일반보행	132	ground	0.8760917050671329	2.473420503566264	2.600783	6.43283	1.8529262897843701	0.6585299957340383	-2.916497300357143	0.34704999999999986	3.9014747941570342	0.5546644796040546	0.907143	2.91916	28
일반보행	133	ground	0.8077705152389245	1.967110476722344	3.14173	6.18013	1.6402891584287589	0.684038220313931	-0.49435755925925917	3.5868979999999997	2.3352586100142028	0.9363148358128884	0.376651	0.188692	27
일반보행	134	ground	0.7549903041349627	1.755598197850483	3.266408	5.7345	1.6875236191861251	0.5455871692638744	-1.3292008461538463	1.6960299999999997	3.196343545632667	0.5569564240373308	-0.0713304	1.26964	26
일반보행	135	ground	0.7964075457723827	1.2477291480477226	4.381616	5.46707	1.8805193106586786	0.49657559480661534	-1.1499392692307693	2.20366	2.7969282346736013	0.43787432544409005	-0.287143	1.2998	26
일반보행	136	ground	0.7805376310270062	1.60154576292569	2.275639	3.64454	1.090442670542381	0.49577956765110937	-0.6958592666666666	1.0382380000000002	4.730356835958642	0.6958168270359338	0.396681	0.653342	30
일반보행	137	ground	0.9029283180051014	3.177220253565569	1.79923	5.71655	1.449596238686627	0.7427560808261827	-1.4210342694444444	1.961672	4.110920228743753	1.8361853504736803	0.79052	0.950838	36
일반보행	138	down	0.9362695789041781	3.458997687215071	1.993034	6.8939	2.0437666376103873	0.6939588930174105	-1.6092315384615383	1.64786	2.368581017748453	1.1861290567643477	-0.176458	1.45742	26
일반보행	139	down	0.9556313085698851	4.41142859374526	1.8507609999999999	8.1645	2.3589338876459918	0.7714773076645363	-1.5909888333333333	2.05226	3.016892697432007	1.139453975579008	0.503021	1.56236	30
일반보행	140	down	0.9745659799928076	4.150414918503177	1.993273	8.27291	2.991053357106632	0.7383594147978892	-3.345323962962963	1.0111299999999996	2.9168162343702946	0.9043493071011168	-0.133896	3.36695	27
일반보행	141	down	0.9102066652013302	2.830247365450889	4.16023	11.77448	3.3982745564948593	0.71480943632288	-4.952007518518519	1.8724800000000004	2.4018706708372553	0.8319629545025089	1.41079	4.94989	27
일반보행	142	down	0.9803390716761091	5.2795278714740315	1.8481519999999998	9.757370000000002	2.9245511295619306	0.8029487606818894	-2.294453125925926	2.7007700000000003	2.2012426855114673	0.8612191997677952	-0.293023	2.41521	27
일반보행	143	down	0.9017804814848828	3.212391655262883	3.0914349999999997	9.930900000000001	2.673732080434962	0.7085581377447444	-5.425472785714286	0.24754000000000076	2.555794078347489	0.9256565114205116	-0.334951	5.55587	28
일반보행	144	down	0.9724102511829602	3.5922419874296367	2.61665	9.399640000000002	3.061371698167409	0.7753262439171159	-0.5679409259259258	4.1384680000000005	2.9463870033038866	1.238047058323723	-1.25326	0.566452	27
일반보행	145	down	0.9394085133644864	3.1513316559640963	2.54157	8.00933	2.4651387985304773	0.7566809863553412	-4.774520321428572	0.0	1.867323290787622	0.8671288214039015	1.01231	4.75574	28
일반보행	146	down	0.9757306284048619	3.714893795456739	2.483215	9.22488	2.920315679149918	0.7425319855522942	-2.3391772692307695	2.6268800000000003	2.3845289952106197	1.0640805040193024	0.439021	2.12107	26
일반보행	147	down	0.9402874016566861	3.367507291996624	3.24282	10.92022	3.4766508094559487	0.7698524866488461	-4.978341481481482	1.2483999999999993	2.203658125434134	0.7529335876485862	-0.159772	5.17916	27
일반보행	148	down	0.9555430199354049	3.258768656963367	2.669137	8.6981	2.9393141109295917	0.7071848344026871	-4.476610107407407	0.44831999999999983	2.4586192377271385	0.6138146375356313	0.584304	4.47817	27
일반보행	149	down	0.8996494869484686	2.7338823592723975	3.2846	8.97971	2.726998396578793	0.7519352520829189	-3.083395115384615	2.83229	2.8444961819794092	0.3903115472042023	-2.07639	3.93036	26
일반보행	150	ground	0.901401405971808	2.9293627007737673	2.47702	7.25609	1.7863621725972032	0.7521271112094304	-2.88790492	1.4960300000000002	2.649801516212507	1.1756801534791674	-1.37564	2.67811	25
일반보행	151	ground	0.903805344693663	3.209538624527425	2.0569	6.6017	1.9395286141249433	0.716846727222019	-2.6531095576923076	1.4090100000000003	2.4683973154018117	0.5831915498917734	0.0268256	2.73602	26
일반보행	152	ground	0.9086582409055097	3.8016149706961015	1.852539	7.0426400000000005	1.7805985388017203	0.711653714490103	-0.8424364999999999	2.683174	3.33030109835739	0.847269437718346	0.3618	0.709266	28
일반보행	153	ground	0.8605199915342624	2.8313285032900484	2.783446	7.880850000000001	1.888864710754991	0.668668303569883	-0.4270685357142857	4.894952	2.6509691951273973	1.015761556139167	-0.34554	0.477858	28
일반보행	154	ground	0.908900602292802	3.512615172548253	2.332231	8.19223	2.2027164307188976	0.7422229023228383	-1.0740569321428572	3.717982	2.8189808180511204	0.4597434386977168	-0.270198	0.986108	28
일반보행	155	ground	0.7959458065950062	1.749164530645034	3.95287	6.91422	1.9149051516467215	0.621240556499778	-0.4764793961538461	3.106613	3.1085073940593486	1.4526896118335377	-0.658044	0.534627	26
일반보행	156	ground	0.716587663243873	1.5641964009885134	4.42665	6.92415	1.7541001286603506	0.5136133744884412	-2.13790674516129	1.3497400000000002	3.286615714680745	0.3619906482884019	-0.136872	2.0881	31
일반보행	157	ground	0.561739105102495	1.0842675900537133	4.9602699999999995	5.37826	1.5082806283620789	0.5348368654771177	-0.4894621038461538	3.0479719999999997	3.409152164435715	0.94687605904809	-0.447262	0.527728	26
일반보행	158	ground	0.5489734667953158	1.1827778139179914	6.57733	7.77952	1.7891946228901252	0.4871613007448191	-0.59961874375	4.205994	3.9112115009248507	0.6846422712530147	-1.42759	0.505796	32
일반보행	159	ground	0.8056465519084518	1.7626754872113681	3.081696	5.43203	1.5252626479076208	0.5845461172744423	-1.2413108125	2.2432600000000003	2.5617287451056274	0.5521980846838693	1.45774	1.64517	24
살살걸음	1	ground	0.5722136190173338	0.9329933560784398	5.00622	4.67077	1.2820503672934602	0.4735813963218404	-2.552193677777778	0.07286000000000015	3.2585711714597183	1.7600605404672587	-2.35456	1.2063	27
살살걸음	2	ground	0.6414551036952385	1.0921275907281367	3.7244	4.06752	0.8475324620538617	0.6028704356326858	-0.27568261034482744	2.034311	8.087095588449731	0.8080516418266721	1.02192	-0.869371	87
살살걸음	3	ground	0.6001865872292141	1.507980196738267	4.42157	6.6676400000000005	1.5644652057765258	0.5110213270987654	-0.800515164516129	3.705666	3.2043145538804576	1.4252153084170551	0.563412	-0.205916	31
살살걸음	4	ground	0.9781284002772985	5.593600202853462	1.0293459999999999	5.75775	1.7417074796575227	0.838830358634813	-2.027362	1.74998	2.25063780133586	0.9250562662720502	0.421652	1.41285	25
살살걸음	5	ground	0.9269148033835917	3.674145995445312	1.978653	7.2698599999999995	1.6445129012169126	0.7379517443951507	-0.27707666666666675	4.391535	3.1922007767665805	0.9535503259712161	-0.414355	-0.491615	30
살살걸음	6	ground	0.9440062476879761	4.197155639334914	1.4671150000000002	6.15771	1.7534351084260291	0.8055484356037869	-2.482983164	1.61733	3.150924718567299	0.9262608871971575	-0.473607	2.08494	25
살살걸음	7	ground	0.9289297887278594	3.230268059056257	1.105416	3.5707899999999997	1.0206445405266678	0.7809555906133461	-1.3794132499999998	0.6414630000000001	3.894690072299373	1.327265580776703	0.198715	0.751277	28
살살걸음	8	ground	0.7446077985602716	1.8033382789886088	2.206286	3.97868	1.1206364398353101	0.5602912236643388	-0.18739832068965517	2.200761	3.207747646475495	1.5949687047653627	-0.199838	-0.170641	29
살살걸음	9	ground	0.8137786186315225	1.7232236712421125	1.751183	3.01768	0.9297383089919442	0.6410373049921366	-1.3867707333333334	0.3516999999999999	3.6476047603064927	0.9092540372970511	0.223946	1.00316	30
살살걸음	10	ground	0.8728597759982522	2.7099413777675863	1.5598640000000001	4.22714	1.2350773786251676	0.6958205939740305	-1.0960846923076923	1.510517	2.9443487113880242	1.2179293756024896	-0.041523	0.693883	26
살살걸음	11	ground	0.8878727397982327	2.759879440081519	1.825837	5.03909	1.4022300730987927	0.7170168756727423	-0.7550414548387097	1.9384	2.874305135798907	0.8015236134121045	0.175392	0.42099	31
살살걸음	12	ground	0.9174465359403031	3.0239215264896098	1.5328869999999999	4.63533	1.2343388549119783	0.6885191602943254	-0.5727823465517241	2.311572	3.4374015179174613	0.6050072343028381	-0.206608	0.453218	29
살살걸음	13	ground	0.9153118356837208	3.1804937120105996	1.1126260000000001	3.5387	1.0416745034060464	0.7622322551624585	-0.5661648973333333	1.3168609999999998	2.776122890151458	1.3370524140636948	0.144627	0.242379	30
살살걸음	14	ground	0.867847239931088	3.1580679487185193	1.589152	5.01865	1.4566961035344184	0.7109571297958465	-0.5535644285714286	2.486652	2.8059453280968696	0.5640299711234011	-0.397382	0.444738	28
살살걸음	15	ground	0.9159259823655655	3.019750586169726	1.676102	5.06141	1.395307095511605	0.6749240291153512	-0.5144114531249999	2.177193	3.3771203375551178	0.6162131051053169	-0.308778	0.310077	32
살살걸음	16	ground	0.807514059356098	2.10150620244466	2.155021	4.52879	1.3115126522035832	0.6228241472288182	-1.0717805038461539	1.7298669999999998	2.4059513411479143	0.7452529303076098	-0.39855	0.933273	26
살살걸음	17	ground	0.9436579290246263	3.778151763941766	1.307822	4.94115	1.4819592619717656	0.8230902852805378	-0.6920249733333333	2.511215	2.555039959118618	0.6347886081062069	-0.076401	0.560125	30
살살걸음	18	ground	0.8157758390892794	3.0470968032794263	2.157726	6.5748	1.718444725872116	0.7382367214356478	-0.24220984615384616	3.9235670000000002	2.581131750325811	0.663271533008114	-0.400628	0.381143	26
살살걸음	19	ground	0.8709959585371059	2.5276210892964177	1.793738	4.5338899999999995	1.0798766874682382	0.7253557208232992	-0.47432624999999995	2.187843	3.4345580345003413	1.228205176336484	-0.444312	0.239977	32
살살걸음	20	ground	0.8835023100074877	2.5917824530963305	2.504373	6.49079	1.9951184663101786	0.7264589272136623	-2.01951536	2.2987599999999997	2.06020424961537	0.5542179765354752	0.486679	2.00718	25
살살걸음	21	ground	0.9446775384123792	4.112080266293065	1.4734440000000002	6.05892	1.647765229052094	0.7445202472083542	-0.16695279000000002	3.7892810999999997	2.9078900038487148	0.6108327243206034	-0.179046	-0.0570011	30
살살걸음	22	ground	0.9555174052628999	4.902017631398087	1.179549	5.782170000000001	1.8838247599434406	0.8085279321786131	-1.315327526923077	2.21043	2.3100308270173064	0.6919291278356373	-0.0408867	1.46605	26
살살걸음	23	ground	0.9297081857870666	3.0072065143693942	1.666131	5.0104	1.3622394090657273	0.6966463772290503	-0.6996475296774194	2.2018359999999997	3.0307694645893144	0.7323812712097494	-0.520841	0.456894	31
살살걸음	24	ground	0.7883859331804882	2.161086100781034	2.4448540000000003	5.28354	1.4907464584797157	0.6645848857832573	-1.1972568888888888	2.04626	2.2981797163909228	0.6536017865602868	-0.0212833	1.30681	27
살살걸음	25	ground	0.9546604938873352	3.7804757932759787	1.07651	4.06972	1.288373174978644	0.7581031173853617	-1.096160803448276	1.171922	3.1704746777640556	0.5819347120988163	-0.315639	0.970018	29
살살걸음	26	ground	0.8646639452530156	2.899828846710371	2.11508	6.13337	1.7764677716769244	0.724760487331238	-1.178894185185185	2.63898	2.4583164209266783	0.7933695172852999	-0.0068714	1.27664	27
살살걸음	27	ground	0.9338691831234045	3.174743693358374	1.4628109999999999	4.64405	1.506659161724815	0.7962753876623186	-0.45775535483870966	2.586256	2.8649076687044395	0.8007453790539747	-0.723375	0.303894	31
살살걸음	28	ground	0.8636830364989593	3.028289258134914	1.9186079999999999	5.8101	1.6743509416909466	0.7332300951851743	-2.078208	1.2426300000000001	2.2809856208368617	0.6931688204876881	-0.00659475	2.26592	25
살살걸음	29	ground	0.8612717555483297	2.3631718375538164	2.265853	5.3546	1.3753168571194179	0.7126207392209616	-0.03221930000000002	3.580118	2.847449419683812	0.6562370468108902	-0.559037	-0.119988	30
살살걸음	30	ground	0.7966066515848947	2.2731102343792413	2.453361	5.57676	1.55398561459919	0.6775044553316886	-1.2435863481481482	2.5233	2.6018585682208766	0.5650655251139479	0.12611	1.33147	27
살살걸음	31	ground	0.9397265628439285	4.255992196829368	1.4522629999999999	6.180820000000001	1.5511282133797428	0.8528398250304211	-0.25887082	4.109354	2.614381939806035	0.6616126195337334	-0.289126	0.206146	30
살살걸음	32	ground	0.8263593960633808	2.910271391214585	1.9937900000000002	5.80247	1.5858139081914246	0.7066055321853321	-1.4629088399999999	2.17753	2.300552764602743	0.843723962976383	-0.16692	1.46871	25
살살걸음	33	ground	0.9354152073074904	3.26516122069715	1.594347	5.2058	1.5769197359198865	0.7444971434004016	-0.5505226161290323	2.776973	2.8685327603167874	0.6573454841084378	-0.520571	0.431497	31
살살걸음	34	ground	0.8062799847883477	2.2711333550620827	2.178168	4.94691	1.5503462571427198	0.6636517691563416	-1.2956350399999998	1.8682800000000002	2.3716584418527784	0.6710500391587388	0.0778783	1.42918	25
살살걸음	35	ground	0.9255551834176381	3.38950173541629	1.235214	4.18676	1.327192177179545	0.7614073706313278	-0.3425486193548387	2.299922	3.0008122750680486	0.6924199546254652	-0.702628	0.204908	31
살살걸음	36	ground	0.9040486141764116	2.809143602124255	2.002799	5.62615	1.6447309573758053	0.7262601763341537	-0.8360559259259259	2.7597690000000004	2.3277956804941558	0.7902200937282494	0.114193	0.899551	27
살살걸음	37	ground	0.9468424739678981	3.9289886492559822	1.357614	5.33405	1.4941308286769157	0.7376934398298364	-0.47199430000000003	2.66976	2.654762257110542	0.6269994996517347	-0.515436	0.41731	30
살살걸음	38	ground	0.9222524692744908	3.224866560413439	1.627165	5.24739	1.6719619518053885	0.7080235867182665	-1.1471241153846152	1.6050800000000003	2.503620257438253	0.7544756747014764	0.394843	1.23219	26
살살걸음	39	ground	0.9231869563502642	2.897073675715729	1.909803	5.53284	1.5646253901724956	0.7495412278013647	-0.48345883333333334	3.133683	2.513201209341145	0.6611023791562975	-0.40953	0.399407	30
살살걸음	40	ground	0.7677750528615372	2.2411583344162125	2.39378	5.36484	1.5151574491556858	0.682085284746759	-1.1134861642857143	2.04839	2.6272022179855026	0.5727709761767946	-0.140486	1.18893	28
살살걸음	41	ground	0.9360734715525155	2.8207426203542525	1.7183169999999999	4.84693	1.5472108788103298	0.7516684365965203	-0.785532	2.2973190000000003	3.3258275954182404	0.6804860406167422	-0.646287	0.745961	30
살살걸음	42	ground	0.8427142062224019	3.124440063599732	1.967863	6.14847	1.579954710164053	0.7856570782504875	-4.140317176923077	0.0	2.2973394138732655	0.6997512998046573	0.947678	4.17891	26
살살걸음	43	ground	0.8906298025048466	2.3623806405351653	2.078196	4.90949	1.441078750144951	0.7337530426316047	-0.38610282	2.670765	2.781068798610055	0.5835715073077282	-0.524867	0.316395	30
살살걸음	44	ground	0.7972337531993695	2.051843701556829	2.4214320000000003	4.9684	1.5231139103693312	0.6755521768918551	-1.397897	1.7420799999999999	2.2751937884836257	0.6199949286913818	0.107952	1.4572	27
살살걸음	45	ground	0.895014638511654	2.682524924952175	1.357568	3.64171	1.109326792562889	0.7321724499855883	-0.5715241	1.393983	2.937500345614258	0.9225631236269867	-0.707542	0.540257	30
살살걸음	46	ground	0.8497824110758686	3.2175244543798147	2.059111	6.62524	1.7072545579102076	0.72108763204023	-0.6431063214285714	3.2567720000000002	2.412192536599959	0.9421451767942371	-0.30923	0.712938	28
살살걸음	47	ground	0.9175872027597084	3.5100041920049354	1.688092	5.92521	1.553177382422669	0.7920948794562225	-0.96362991	2.614075	2.720053862991286	0.8276037403895719	-0.257582	0.798825	30
살살걸음	48	ground	0.9065935480461531	2.913931974701443	1.791641	5.22072	1.688588109166101	0.713595600632984	-1.1295625074074074	2.11712	2.503806525509431	0.4817429702248186	0.60298	1.23608	27
살살걸음	49	ground	0.9352569426671337	2.9637626064978617	1.651195	4.89375	1.4314941411063942	0.757479581927263	-0.72657961	2.367103	3.0209082724766776	0.4984649293928267	-0.294703	0.673517	30
살살걸음	50	ground	0.9020651453228343	3.384718349115848	1.949855	6.59971	1.838017608501606	0.8026497715198914	-1.411265777777778	2.9642	2.3291728499401123	0.723050421010614	-0.139303	1.48256	27
살살걸음	51	ground	0.9151261561958915	2.7711934610881075	2.2931600000000003	6.3547899999999995	1.7576968671496231	0.7637933625053945	-0.4309876	3.745516	2.8622953598255245	0.5964021718092544	-0.642533	0.318934	30
살살걸음	52	ground	0.7306427585200856	1.9899340925031406	2.782263	5.536519999999999	1.4395730619804918	0.6551146698881367	-1.2519397163333332	2.0685700000000002	2.677911198631861	0.7090542676212835	0.671142	1.46409	27
살살걸음	53	ground	0.8908901088295357	3.0265997006246885	1.829231	5.53635	1.39255797284307	0.7775322483218341	-0.335409638	3.0352349999999997	2.7183044364813553	0.9820441377767164	-0.695887	0.248695	30
살살걸음	54	ground	0.8342892657805226	2.59210600658672	2.3504709999999998	6.09267	1.6828464102476737	0.7087875714533882	-1.0192091814814814	2.7109699999999997	2.33445200908124	0.9798854457933547	-0.149533	1.03656	27
살살걸음	55	ground	0.885867076677637	2.5461882324128573	2.116827	5.3898399999999995	1.6250612695639381	0.7088918307313293	-0.6184673965517242	2.450287	3.044541567853902	0.6267877166211305	-0.587166	0.558973	29
살살걸음	56	ground	0.8228583748766186	2.264795247199402	2.48154	5.6201799999999995	1.4606867216956552	0.7154960803115755	-0.6673469074074074	2.9305969999999997	2.3324725091949214	0.7992665367966965	0.194613	0.774163	27
살살걸음	57	ground	0.8400792665495541	1.7897111480286811	2.75055	4.92269	1.4682673795172982	0.6787208996583832	-0.77878059375	2.219748	3.11003327135496	0.6326139876324484	-1.1253	0.686372	32
살살걸음	58	ground	0.7920238513547363	1.8810098812398686	3.47407	6.53476	1.7668709365997959	0.6313200620853282	-1.29067492	2.83847	2.1808567132500953	0.8344887362806662	0.395071	1.38931	25
살살걸음	59	ground	0.7656668343343611	1.9568774992395102	2.73755	5.357049999999999	1.5086396026935294	0.6711659793929421	-0.7649534677419355	2.245745	3.5301216931844643	0.5232276458194862	-1.04697	0.700875	31
살살걸음	60	ground	0.7698814478700325	1.5904142569621895	3.2600499999999997	5.18483	1.5024165468321717	0.6085161498160073	-1.094802785714286	2.2626099999999996	2.1687948304395324	0.5601621810531328	-0.176081	1.19521	28
살살걸음	61	ground	0.7162043972375737	1.6199256274955451	3.16517	5.12734	1.368941784333103	0.6264290018570655	-0.8658700100000001	2.190514	3.661406196052013	0.8127534356310735	-0.615035	0.812856	30
살살걸음	62	ground	0.7483028962768623	1.6240326090039219	3.19416	5.18742	1.3795571291086186	0.6195160179952416	-1.4459934068965516	1.9782300000000002	2.566101916601999	0.6893058459067006	0.626621	1.50783	29
살살걸음	63	ground	0.5751948740719413	1.0249175578132612	5.05507	5.18103	1.2815975017327574	0.4333555307453994	-0.5759224516129033	2.517286	3.6076463887172743	0.7558311919729287	-0.993973	0.521754	31
살살걸음	64	ground	0.9213466162886669	2.645543431644368	2.034032	5.38112	1.460266708087784	0.7012433059753238	-0.21167495666666664	3.2821569999999998	2.601240959960095	0.7962596103185594	-0.770465	0.250833	30
살살걸음	65	ground	0.798535945034814	2.0471142194941123	2.95622	6.0517199999999995	1.680221345733102	0.7107719265243047	-0.5430263125	3.3790739999999997	2.823491509981639	0.8505060462284006	-1.41792	0.401266	32
살살걸음	66	ground	0.8896386695778586	2.616806210657443	2.36841	6.1976700000000005	1.5170714545004245	0.7475310408748717	-2.0073992200000004	1.6210999999999998	3.234993670409633	0.5491291933865967	0.907174	2.16279	30
살살걸음	67	ground	0.5767056030181258	1.1403080181274334	3.722959	4.2453199999999995	1.0586500782897144	0.5149378643939201	-1.1319508757575758	1.7763399999999998	4.250718469769359	0.646270325325602	0.581235	1.21083	33
살살걸음	68	up	0.8650025911891046	2.4825718447015572	2.65117	6.58172	1.6765059254133468	0.7470231050318249	-0.5584061687499999	3.409687	3.1703914976061087	0.5362578477615612	-1.18675	0.914643	32
살살걸음	69	up	0.7030987052947002	1.6327321502017194	2.54942	4.16252	0.952003739859202	0.645309589874397	-0.4272096627906977	2.394306	4.5301587154329725	0.9267742935013354	-0.144641	0.246004	43
살살걸음	70	up	0.7238337207774592	1.3751534187665588	4.03307	5.5460899999999995	1.307086459885406	0.5894730520682429	-0.84836915	3.07693	3.238106223013712	0.6046572041743559	0.20589	0.75178	38
살살걸음	71	up	0.7191748120286121	1.142757994462987	3.7462	4.281000000000001	1.2124348423699929	0.5361425138012689	-0.5537140225	2.223285	3.191517800450124	0.5463828633268774	-0.191133	0.577175	40
살살걸음	72	up	0.613412044564357	1.1848772775099063	3.6812419999999997	4.36182	1.138796793020053	0.5004779025250377	-2.2815065866666666	0.6488	2.75477720803756	0.8465947484549592	0.502172	2.25205	33
살살걸음	73	up	0.6678018800879943	0.9548925713644453	3.556044	3.39564	1.0447468730470202	0.44152158834399896	-1.3365560736842106	0.76021	3.597533974317452	0.5541086158954107	-0.425481	1.34806	38
살살걸음	74	up	0.6775775366643328	1.324810048248699	2.99024	3.9615	1.1744754522636645	0.5859597542406142	-0.9037427575757576	1.7416660000000002	3.3672375211824375	0.6130817493798818	-0.483738	0.821404	33
살살걸음	75	up	0.7235363730593254	1.5213226410315706	4.0838280000000005	6.21282	1.5273331299982988	0.5732076683461367	-0.5391522571428571	3.8442659999999997	3.100634424299473	0.6145996899127443	-0.147214	0.508524	35
살살걸음	76	up	0.6471509459658149	1.2906571352140086	3.7575200000000004	4.84967	1.245860789334242	0.5259404927414018	-0.6922508081081081	2.360893	3.2874484225055673	0.7743299813900257	0.230622	0.663917	37
살살걸음	77	up	0.8120873486649175	1.664035524006219	3.299581	5.49062	1.699601083884114	0.5785549358731522	-0.09695893055555557	3.1352485000000003	3.0197004682889808	0.804401499542417	-0.595907	0.0344515	36
살살걸음	78	up	0.8504946746658907	2.0522026972012264	3.46802	7.11708	1.878437213098467	0.6571580702381685	-1.0370256756756755	3.4592940000000003	2.6589564885744776	0.6350249207073285	0.315602	0.996126	37
살살걸음	79	up	0.7967187685768728	2.1632853258775473	3.3231400000000004	7.188899999999999	1.6789307600207592	0.6804329478145256	-1.4247673441860464	2.9997299999999996	3.5487628435000356	0.8351149351432181	-0.980604	1.32979	43
살살걸음	80	ground	0.7143334375176195	1.2330694137015605	3.150585	3.8848900000000004	1.247664470166492	0.4810227843464501	-1.7825052433333333	0.46123000000000025	3.062510619455804	0.4314036178238975	0.350593	1.82371	30
살살걸음	81	ground	0.7372119876620561	1.4793239780480794	2.4702770000000003	3.65434	1.1174712106540672	0.4669694813488591	-1.0158753757575758	0.858757	3.676812919044459	1.0194359614784245	-0.0228126	0.963573	33
살살걸음	82	ground	0.6951444274197212	1.945535592842897	2.523079	4.90874	1.2499441786938637	0.6576383614538088	-0.821488164516129	2.810485	3.0223082900362788	0.39495744862769283	0.0471587	0.956895	31
살살걸음	83	ground	0.7678292518136848	1.9169624166703292	2.512814	4.8169699999999995	1.1569714317160404	0.6360761561311317	-0.5697895741935485	2.763286	3.431917389639289	0.5161740386839492	-0.215666	0.642094	31
살살걸음	84	ground	0.7190688268010511	1.6011753555905264	2.910437	4.66012	1.0315993063145268	0.5152151689123503	-0.3093900129032258	2.3780550000000003	3.7389313577357837	0.4349192011209895	-0.467271	0.378815	31
살살걸음	85	ground	0.7429263168717114	1.7431461620055597	2.8276860000000004	4.92907	1.3993134013427442	0.6155460983407494	-0.514124775	2.734625	3.4516304228096244	0.8231266827096755	0.557996	0.605125	40
살살걸음	86	up	0.7690409410746355	1.5845129761029921	3.06166	4.85124	1.3992407482013633	0.5896400047998692	-0.9004605833333333	1.8410119999999999	3.3999026109064685	0.7280452011723946	0.357871	0.936558	36
살살걸음	87	up	0.7710099236492803	2.1302080827038115	2.398315	5.10891	1.4175268704369572	0.64383884212968	-0.6996837647058823	2.328708	3.0830803379025236	0.8909489778862342	0.354805	0.678792	34
살살걸음	88	up	0.6191418470458047	1.0786218419508926	4.02102	4.33716	1.3937244217377787	0.42661521193108953	-0.6535434888888889	1.6669019999999999	2.921170787716149	1.2181551291061719	0.543528	0.572798	36
살살걸음	89	up	0.6149245924515298	0.9558804176835278	4.5978449999999995	4.39499	1.2327000201259732	0.41695695210378125	-0.973694815	1.6649310000000002	3.2453034078642307	1.0075712333345637	0.656044	0.933699	40
살살걸음	90	up	0.6156361240925434	0.9740493208467824	5.634919999999999	5.48869	1.5261460078475728	0.47120849709740953	-1.4989957777777778	2.14093	3.1510736764440854	0.6071854124646401	-0.690113	1.59229	36
살살걸음	91	up	0.6298381573915873	1.1648867427343002	3.6206609999999997	4.21766	1.1224176059351552	0.4666107709145066	-0.45901131538461537	2.147817	3.016746646298558	0.9438197689671458	0.0916731	0.434463	39
살살걸음	92	up	0.5449309307129384	1.3417760499474047	3.2469799999999998	4.35672	1.0435198317811814	0.6201464095178706	-0.8923736655000001	2.0530649999999997	5.134013496400808	0.7538690232213497	-0.611456	0.866175	40
살살걸음	93	up	0.779309461579809	1.6495546015188902	2.9324339999999998	4.83721	1.3954629439428414	0.5789685085670861	-0.5703452891891891	2.4658800000000003	3.438697224984447	0.6556222184303996	0.307386	0.47462	37
살살걸음	94	up	0.6947353812176351	1.330807904945376	4.60252	6.12507	1.6220175132185906	0.489150087767626	-0.9043735897435897	2.542843	3.1342054297983912	0.5040578320223824	0.176234	0.887547	39
살살걸음	95	up	0.8081834251509674	1.7532352296474856	3.4487499999999995	6.04647	1.6769004526984368	0.5872163281555262	-0.8959335666666667	2.5292	3.271654991557666	0.8492437275779947	0.213426	0.85767	36
살살걸음	96	up	0.7271558647948427	1.5076032315627128	4.58555	6.91319	1.8133821363432774	0.5828902765580091	-0.8233503363636363	3.21368	3.1833869001319632	0.8582926941386159	0.374415	0.75508	44
살살걸음	97	ground	0.6047948573927459	1.42809144509627	3.95252	5.64456	1.329775199473058	0.5870217208887665	-0.5225744780555556	2.5514	3.2368252201496617	0.358444242899808	1.52112	0.51762	36
살살걸음	98	ground	0.7848447614597093	1.6147407372777824	3.67485	5.93393	1.8781202279523146	0.6008838947955879	-1.214264176923077	2.54902	2.2965833745488595	0.6427198266076246	-0.104045	1.21035	26
살살걸음	99	ground	0.7137916716609222	1.7861339447469726	4.72492	8.43934	2.0475193181636593	0.6532112364321687	-1.3711928125000001	3.8845799999999997	3.4259140608762007	0.5390519990275853	0.849225	1.28204	32
살살걸음	100	ground	0.7778768805129179	1.7120597916032534	4.62537	7.91891	2.2845902812872074	0.6191992020628084	-1.4126132846153847	3.62881	2.2863949477638377	0.672006424123336	-0.440605	1.64847	26
살살걸음	101	ground	0.566352759848202	1.166270189314697	5.19576	6.05966	1.5028053321454427	0.49786452421521576	-0.7592373580645162	3.099313	3.3535940419382633	0.749011229285755	0.975386	0.576137	31
살살걸음	102	ground	0.7705253734043481	1.7066877782860257	3.9219299999999997	6.69351	1.8872374610117886	0.6076860349844767	-1.7901726703703704	2.25147	2.636599560159226	0.7579427512664416	-0.221967	1.93669	27
살살걸음	103	ground	0.5040843560837005	0.8428605938422863	5.5054300000000005	4.6403099999999995	1.5081974007479197	0.383410230018331	-1.70097740625	0.4950700000000001	3.622764960544708	0.7437913011642233	0.901681	1.64391	32
살살걸음	104	ground	0.8591530557677904	2.338019827163616	2.7929190000000004	6.5299	1.8825181033579161	0.677167213335513	-0.4685181428571429	3.770642	2.8494007585559165	0.6105436151516416	0.36935	0.588798	28
살살걸음	105	ground	0.813531092547364	1.9043416786694662	2.6879	5.11868	1.4792695278066736	0.5403463907799184	-0.5889684379310345	1.6189710000000002	4.187886099786562	0.9884487086228171	-0.582855	0.587939	29
살살걸음	106	ground	0.6993804033456223	1.7254529870648285	5.49629	9.48359	2.200003408360322	0.5367810456931611	-1.2335381310344826	3.5722899999999997	2.9335505661565247	0.5428829023317014	-0.0773278	1.35536	29
살살걸음	107	ground	0.651708299705891	1.5407119466911776	3.8331500000000003	5.90578	1.4948121199003082	0.5845790297624657	-0.6289352647058823	1.965	3.6171128572502416	0.5163114867871142	-0.330477	0.52443	34
살살걸음	108	ground	0.6865474058651535	1.4647597214871966	4.1752650000000004	6.11576	1.756659322401122	0.5500332951632761	-0.871393	3.1319390000000005	2.412688160969752	0.7142606731044988	0.154499	0.973251	26
살살걸음	109	ground	0.6199579290674603	1.2786884012539956	3.99787	5.11203	1.4932863511892884	0.45356231176987793	-0.47157500625	2.1763459999999997	3.845035742316622	0.6640372699035936	-0.380739	0.400024	32
살살걸음	110	ground	0.8419090671794431	1.6892693383195974	3.98242	6.72738	2.1479485500553865	0.6057134591128966	-1.6556554153846155	2.75628	2.3363382655124805	0.5756380433774613	0.505616	1.80831	26
살살걸음	111	ground	0.7164057241526796	1.8282519935573198	3.6985	6.7617899999999995	1.6445081169806806	0.6124092428815934	-0.07999297812499999	4.4308023	3.234737915230064	0.7667675778413034	-0.708458	-0.0793223	32
살살걸음	112	ground	0.8286086191750189	2.322076309928277	3.539509	8.21901	1.9417984415947185	0.6407006909403291	-0.6669063774193548	4.3636420000000005	2.536215853281521	0.6868059393156823	0.238688	0.790558	31
살살걸음	113	ground	0.6337643027260211	1.2166176315146044	2.888089	3.5137	1.0752271090507493	0.4447748776147665	-0.8593399434210527	1.2752119999999998	4.627817210173008	1.2459915776418808	-0.332547	0.585308	38
살살걸음	114	ground	0.8123843976577284	1.7682170123476724	3.1861699999999997	5.63384	1.5667859595505804	0.611939978845792	-1.2384365722222224	1.53571	3.54269773668005	0.9751688114981637	0.580641	1.32268	36
살살걸음	115	down	0.7260130866842052	1.3480101082711813	4.21028	5.6754999999999995	1.6685267145406437	0.4967659167864143	-0.5576358820512821	2.316644	3.9449173882928985	0.8941541547356681	-0.0951766	0.548826	39
살살걸음	116	down	0.8094396199830779	1.719272135822277	3.43361	5.90331	1.7843971399277547	0.6483945294514696	-1.4273710783783784	1.4976500000000001	3.634709563233977	1.2004060344128875	0.135444	1.22865	37
살살걸음	117	down	0.9332143680821439	2.2923543650435483	3.39841	7.79036	2.671616340026395	0.6700121662795062	-2.334898212121212	1.9345100000000004	2.6377199604941475	0.7432052040691473	1.03489	2.43811	33
살살걸음	118	down	0.8934050842278194	2.389578313666289	2.96382	7.08228	2.1695661155745825	0.6828469122667921	-0.5481879117647058	3.1060559999999997	3.2703181903945944	0.9438236774303055	-0.750521	0.599324	34
살살걸음	119	down	0.916254206779077	2.839226196928325	2.97337	8.44207	2.5446137184707887	0.71563871795175	-1.9994984666666666	2.6581099999999998	2.830470263150561	0.9192816763013865	0.968507	2.12338	30
살살걸음	120	down	0.7756548785498968	1.4807656854187983	3.47192	5.1411	1.4776130497493198	0.5746328688805412	-0.4486996135135135	2.3230969999999997	3.7107057397349483	0.9872431619795541	-0.566216	0.477043	37
살살걸음	121	down	0.8209039998936477	1.899709245990252	3.1298	5.94571	1.688914833404574	0.6452087836322817	-2.119746487272727	1.47709	3.646628421463957	0.8410532016786431	0.110408	2.13395	33
살살걸음	122	down	0.7543161092959889	1.7035559619693785	3.39683	5.78669	1.4349850000208653	0.5992796232210852	-0.7221244117647059	2.830723	2.9499763690585357	0.9402803115279498	0.390841	0.759747	34
살살걸음	123	down	0.7508421168204715	1.3431730696552748	3.6114110000000004	4.85075	1.4018988134989188	0.5211799303204699	-0.97421705	1.977318	3.660682985220217	0.8763598077670878	-0.618151	0.984042	34
살살걸음	124	down	0.6404514887909288	1.3767369013088517	4.54617	6.2588799999999996	1.6870270247792274	0.5642961793450038	-3.2455988903225808	0.9278599999999995	2.657740610081918	0.7209521381960861	0.703533	3.27802	31
살살걸음	125	down	0.3430688382713845	0.7798543446850443	3.53575	2.75737	0.8014401635328742	0.4451474372320595	-1.1868960914285713	0.0	4.198263989839465	0.5702733335077631	-0.212661	1.66888	35
살살걸음	126	ground	0.6681202927020523	1.1526608548529855	3.059599	3.5266800000000003	0.9632129550719547	0.4849186800297344	-0.0060826710526315775	2.2624303	3.7918894161053065	0.6337713635543927	0.404245	-0.0790403	38
살살걸음	127	ground	0.7927359568183031	2.8780337289991205	1.977145	5.69029	1.2698685283235032	0.7312480312150791	-1.808326953125	1.96284	3.3383128728897513	0.854658334477495	0.143501	1.682	32
살살걸음	128	ground	0.8559560948668724	2.0469222273702345	2.9931229999999998	6.12669	1.533657116843958	0.6908491012080795	-0.8101091666666667	3.797415	2.54200497227751	0.42215275114885065	0.912083	0.853015	33
살살걸음	129	ground	0.648136083220068	1.7788370074120816	2.701962	4.80635	1.1363474135722575	0.5502456750440202	-1.7025213538461539	1.1855799999999999	4.4713404639073095	0.6994792120464088	-1.41738	1.45506	39
살살걸음	130	ground	0.4603158365039709	0.7938425013539311	3.9006100000000004	3.09647	0.9365604683236859	0.38800504652784396	-0.010380055	1.5486126	4.967658726591722	0.7792934984737641	0.73059	0.0905574	44
살살걸음	131	down	0.607993020057393	1.2674793369661996	3.471599	4.400180000000001	1.1605383458098228	0.47836594061304777	-2.4495713403333337	0.0	3.7211038242392696	0.8700514890051341	-2.16228	2.31598	30
살살걸음	132	down	0.7034928327490235	1.3700262546853084	3.58407	4.91027	1.3152767051124008	0.6075732157148628	-0.5620158611111111	2.512483	3.4632321530453583	1.1412698119810862	0.730182	0.493607	36
살살걸음	133	down	0.7855736584852714	1.4691810915424677	3.78907	5.5668299999999995	1.6629272735102476	0.5837060273131291	-2.3809696032258065	1.0293299999999999	3.213176873059623	0.5959857194167192	-1.9723	2.4502	31
살살걸음	134	down	0.6556642080047222	1.2892311435584336	4.024290000000001	5.18824	1.481148862243356	0.6156102690938471	-0.769077909090909	2.7491390000000004	4.108315417893153	0.8346711904158272	-0.813678	0.715571	33
살살걸음	135	down	0.8260811120590351	1.8155460867565147	3.2863059999999997	5.96644	1.7635815899854321	0.597148643405189	-2.977943560606061	0.4626199999999998	3.4304616170253603	0.8224942169348808	-1.76612	3.03731	33
살살걸음	136	down	0.8696381542193987	2.050592836974383	2.4922500000000003	5.11059	1.6322318756496728	0.6565759683864393	-0.6365006666666667	1.8231629999999999	3.696507672759904	1.127688122669645	0.414355	0.509047	33
살살걸음	137	down	0.9317874836873085	2.8735755058038355	2.459998	7.068989999999999	2.3200559345722405	0.7193034710506542	-2.673103548387097	1.2106599999999998	2.9394245416981963	0.8648489848043384	-0.184386	2.55662	31
살살걸음	138	down	0.8699083311300722	2.018307332644058	3.8083099999999996	7.6863399999999995	2.1786927038125943	0.6324367939625662	-2.6874581	1.86844	2.5511669768151246	0.8623700157804964	-0.495748	2.84212	30
살살걸음	139	down	0.9056934418226831	2.867233076625375	2.256782	6.47072	2.0867898926595276	0.6810260337703168	-1.4701955518518517	1.6586700000000003	2.7608257695706127	0.6601171105186607	-0.928648	1.68369	27
살살걸음	140	down	0.6597444741637876	1.26578458593518	4.07597	5.1593	1.5549383181273575	0.5094820834018537	-0.8258032647058823	2.038177	3.8403948160991574	1.2501052040160079	0.102701	0.648643	34
살살걸음	141	ground	0.8156197733734446	2.1326035904448535	3.212824	6.85168	2.171972341699993	0.6616678311332383	-3.1040421250000003	0.8067599999999997	2.540792766483508	0.5665009828280687	-0.123905	3.84276	24
살살걸음	142	ground	0.8733007335413535	2.5083194840019982	2.123629	5.32674	1.6410561893836677	0.7023829965524612	-1.2870283185185185	1.4742600000000001	2.7310472486030326	0.6765406370192033	-0.853732	1.34795	27
살살걸음	143	ground	0.6795290548294775	1.620868169233307	3.47697	5.6357099999999996	1.574733428469661	0.6248228758016489	-0.6211845071875001	2.04507	3.9607024896637886	0.7577443944186059	0.720408	0.50399	32
살살걸음	144	ground	0.79027426179682	1.71436040277739	3.36634	5.77112	1.4696669966861597	0.6007094763462475	-0.18059768620689656	3.1340269999999997	3.069290928329835	1.0030087249546396	0.486834	0.269683	29
살살걸음	145	ground	0.6563301670503529	1.2361299438277047	5.75971	7.11975	1.8867550037753336	0.5142148614474914	-0.820930962962963	2.851015	3.9261995904539315	0.6818059994571181	0.55454	0.721755	27
살살걸음	146	ground	0.5258944418905651	1.1025271806419632	6.2571699999999995	6.8987	1.4710761090064153	0.4930607570225616	-0.7925998215151515	3.62425	2.9675931435950194	0.8577701776706964	0.768283	0.7072	33
살살걸음	147	ground	0.7744869468964761	2.0024811117731263	5.09852	10.20969	2.4475342249925176	0.6130542925230913	-1.4164231068965516	4.78881	2.3950537660269733	0.27715645109099474	1.09332	1.41495	29
살살걸음	148	ground	0.4747291233847798	1.102772585363457	4.61699	5.09149	1.3038879864558035	0.5008914893365166	-0.7832608038461538	2.377205	3.078336645105946	0.8669360562361457	-0.298546	0.814155	26
살살걸음	149	ground	0.8557953246488958	2.1463975796109898	2.7773000000000003	5.96119	1.7306614760678687	0.6897333407654934	-0.8824547668965517	2.606897	3.0875287921744143	0.7292904532504233	1.30322	0.670033	29
살살걸음	150	ground	0.7080258494823907	1.5112702121121113	5.50034	8.3125	2.2640816786809155	0.5552416567867932	-0.5443448148148149	4.836451	2.4768952695037387	0.6093778867784425	0.807271	0.627349	27
살살걸음	151	ground	0.8938662967539572	2.6341266287667584	2.70979	7.137930000000001	2.112222630526314	0.7369815874433429	-1.2021789535714285	2.9135300000000006	2.945079059765928	0.4723797690729048	1.22332	1.17716	28
살살걸음	152	ground	0.7683056222727327	1.7574252299401993	4.204213	7.388590000000001	2.074678187763337	0.598980928562496	-0.4409967142857143	4.4677180000000005	2.6793817376080518	0.7147334378918463	0.340386	0.493072	28
살살걸음	153	ground	0.9461884464685152	3.627140515645786	1.760497	6.3855699999999995	1.9389778619978104	0.7924049037552575	-0.9353123	2.652515	3.341525423022706	0.5558821441672686	0.542607	0.834565	30
살살걸음	154	ground	0.8410121947547409	2.483450180604414	2.95683	7.34314	2.0338485089296086	0.7377315105167964	-1.1982934615384615	3.83749	2.332723680318603	0.6289933692970746	0.48376	1.26067	26
거칠게걸음	1	ground	0.8105127391045539	1.790787474499473	1.4633340000000001	2.6205201999999996	0.8633849181992073	0.7524278676432412	-0.7538412592592594	0.6403899999999998	2.8798288103466074	0.2775311067649541	0.261695	1.92507	27
거칠게걸음	2	ground	0.5659291323983142	1.194234662042132	2.173819	2.59605	0.7201557447571167	0.5715379289038048	-0.2649705806451612	1.03978	4.184447407326061	0.48269077952598793	-0.707624	1.22247	31
거칠게걸음	3	ground	0.4492167089041561	0.7939201353777837	7.10904	5.64401	1.443488361854967	0.5177604752761821	-0.7564567971698114	2.69705	3.9587540081693966	2.7727214059160317	-1.55918	1.45775	53
거칠게걸음	4	ground	0.7374996863155199	2.1705861553872814	2.9140699999999997	6.325240000000001	1.493281826175384	0.6832872734966295	-1.7013289	1.8644200000000002	3.6391401723868126	0.8355604630749399	-1.65508	1.92093	29
거칠게걸음	5	ground	0.4824232886575625	0.9777347573330597	4.3907	4.29294	1.1516350923232244	0.49286088052387295	-0.8736439964285715	1.3253	3.0818922014327144	0.6711557750960464	0.848008	1.3119	28
거칠게걸음	6	ground	0.8092600849073867	2.0652816301693715	3.42807	7.079929999999999	2.064736902813294	0.6934808339768775	-1.2508542	2.7411999999999996	3.065740428217285	0.8832348522131708	-0.730417	1.45947	30
거칠게걸음	7	ground	0.7841555756069906	1.7492993249197326	5.32344	9.31229	2.91325424953292	0.6116723143725636	-2.00914555	2.71759	2.0493905172779723	0.8511924609797283	1.57322	2.41598	26
거칠게걸음	8	ground	0.8439978261684262	2.134086353586734	4.20617	8.97633	2.602695215895599	0.6634232749328386	-2.8978562258064517	2.4809	2.6735199374129808	0.935267044723109	-1.30215	2.8673	31
거칠게걸음	9	ground	0.6404733982647449	1.3184943963887856	12.56267	16.56381	4.744225008647026	0.5852109415826438	-5.491535329166666	6.2758899999999995	1.830346719336645	0.4941301039954826	4.49465	5.93621	24
거칠게걸음	10	ground	0.7670395446938263	1.386718246074646	6.3591	8.81828	3.2243788732978347	0.6237951963058893	-3.4966715862068964	1.7534300000000003	2.9220761849861914	0.9079912366624028	-1.16939	3.64742	29
거칠게걸음	11	ground	0.8442638746109596	2.1538580828189584	7.60896	16.38862	5.1513974535889115	0.7190656685447855	-6.194191787599999	4.5983	2.105738129650662	0.29221238084384604	1.78359	6.7272	25
거칠게걸음	12	ground	0.6499996312050422	1.309091645718555	6.16885	8.07559	2.2866618220953936	0.6001533115548371	-1.1767382499999999	3.8497900000000005	3.2309663792208627	0.6147014715616922	-2.50094	1.20787	32
거칠게걸음	13	ground	0.5636555036248357	1.0252586873218088	10.67118	10.940719999999999	3.2390771851837226	0.5469305835855538	-3.3279954541666665	4.609629999999999	2.2200182798563706	0.3996995338187191	2.10493	3.76187	24
거칠게걸음	14	ground	0.6197833830116557	1.1017796200065788	8.27199	9.11391	2.2881989360444814	0.5595462895711159	-1.4385889548387096	4.44678	2.651832545461304	0.18628032245710496	-1.0902	1.67812	31
거칠게걸음	15	ground	0.4019844460012541	0.7444748677573821	7.61475	5.668990000000001	1.4453733493963261	0.3896718397061572	-0.8666513692307692	2.49358	4.8601033150168815	2.288118627857001	2.04844	0.91094	52
거칠게걸음	16	ground	0.6013127390542253	1.131839462482532	6.0447	6.84163	2.061989087254131	0.48561177387028814	-1.8772448333333334	1.9101700000000004	2.306211969501189	0.7785278204934926	1.04901	2.27204	24
거칠게걸음	17	ground	0.7784406059573716	1.484701058780714	3.73686	5.54812	1.715837712063883	0.5906153491328711	-3.192236744827586	0.0	3.31832150301791	0.56933933572633	-0.844984	2.95476	29
거칠게걸음	18	ground	0.6190680911876675	1.1939122559334368	7.244719999999999	8.64956	2.4197848464384597	0.5539253720960297	-2.11082012	3.4835	2.3786239256332884	0.6052598480912168	0.814066	2.3062	25
거칠게걸음	19	ground	0.7888911018107856	1.3737377661563364	4.887169999999999	6.71369	2.2345672671997563	0.56197897914925	-2.845555796551724	1.0100700000000002	2.6847171489830086	0.4859536561673021	-1.45864	2.78462	29
거칠게걸음	20	ground	0.6116153257881994	1.2657306660165095	7.032760000000001	8.90158	2.5745501705391014	0.4841823503817071	-1.8760840222916666	2.941	2.449679121835884	1.2065514373594648	0.583903	1.86879	24
거칠게걸음	21	ground	0.5302840120562204	0.831339972798246	7.177160000000001	5.96666	1.9185422440035853	0.4635560763888868	-2.501344328125	0.5638299999999998	3.4827709205312156	0.3863807309044432	-0.978126	2.62799	32
거칠게걸음	22	ground	0.6262230714601603	1.3925248640374048	8.84907	12.322550000000001	3.1945567329767433	0.6282324665570681	-0.7765385041666667	7.564955000000001	2.5062757938860107	0.5539686321479668	-0.459661	0.919915	24
거칠게걸음	23	ground	0.6033340835352805	1.5165255403595983	7.50747	11.385269999999998	2.8033600359743027	0.6208633438374278	-1.0689152375	5.434799999999999	3.419649126538902	0.3339735418939813	-1.42305	1.03025	32
거칠게걸음	24	ground	0.6284141909706108	1.2816634790686583	8.2093	10.521560000000001	3.107611290443353	0.5371282711331956	-2.9407061739130436	3.55089	2.127463309831102	0.7051826987512917	2.33512	3.37221	23
거칠게걸음	25	ground	0.5512993176572921	0.8865043347887789	5.59061	4.956099999999999	1.5832161492396604	0.4844823704422085	-2.616078377419355	0.0	3.798498988916488	0.5483124766569353	0.304853	2.30868	31
거칠게걸음	26	ground	0.6878267864267178	1.4184589625203419	7.60942	10.79365	3.3297398615526133	0.5979738310452929	-1.6266599999999998	5.294130000000001	2.596059689655441	0.6924664452523422	0.602973	2.05095	24
거칠게걸음	27	ground	0.7364025188571413	1.6099014430633838	6.90364	11.114180000000001	2.6134390694751475	0.5855780431115751	-0.4874915791666667	4.461308	3.8868318706409535	0.6476106490508953	-1.11099	0.308942	24
거칠게걸음	28	ground	0.7127628102824698	1.5071135266519669	6.66547	10.04562	2.453815980122101	0.6417437350547732	1.014304448275862	6.973110999999999	3.9372864078596304	0.7748549578519173	-0.141983	-0.974251	29
거칠게걸음	29	ground	0.8143568235848275	2.2408649852273785	4.61603	10.343900000000001	2.7204903898623716	0.7015510089184892	-0.9308244074074075	4.499657	2.705505149914249	0.33964651148747527	-2.29464	0.926363	27
거칠게걸음	30	ground	0.6954781650776896	1.5923266816251507	7.643890000000001	12.171570000000001	3.220962174259619	0.6106749559816231	-0.8761867142857143	7.367885000000001	2.984873237420919	0.8136497734835028	0.976731	0.926345	28
거칠게걸음	31	ground	0.7248068338581082	1.5817368448447306	5.57056	8.811160000000001	2.2492116247058727	0.5820135795180511	-2.16188065625	1.9858000000000002	2.924919304025751	0.17010722065007144	-2.10156	2.15111	32
거칠게걸음	32	ground	0.7095238157913373	1.4435104942338939	7.985200000000001	11.526720000000001	3.3080695342461754	0.547585808719815	-0.459028625	6.352943	2.3258555114737205	0.8089665396312039	0.329032	0.723147	24
거칠게걸음	33	ground	0.7284772174203539	1.791369659779534	4.572010000000001	8.190159999999999	2.072951011705668	0.6584902114683449	-2.2498248172413797	1.4837599999999997	2.7287772556055407	0.16485343037734024	-1.28749	2.04477	29
거칠게걸음	34	ground	0.6759482135889228	1.4341804210623017	6.04463	8.66909	2.4304255674905564	0.5681966712577833	-0.38294729166666663	5.335026	2.45082760518632	0.367994263173129	-1.21482	0.403124	24
거칠게걸음	35	ground	0.8648013655964799	2.4801676982568255	3.47766	8.62518	2.2841904339872956	0.7276422705416167	-0.4661678965517241	4.681697000000001	2.5293824950900654	0.4395077141160438	-1.91623	0.437783	29
거칠게걸음	36	ground	0.8161184739133137	1.8499373837756472	5.84516	10.81318	3.132282798764304	0.6246315336876188	-1.5415301481481483	4.756169999999999	2.455022543626837	1.0452057395532637	0.355422	1.70262	27
거칠게걸음	37	ground	0.7933913904296716	1.7674144003386687	3.9465899999999996	6.9752600000000005	1.7841133012135655	0.61821893626241	-1.82452078	1.8533600000000001	2.9336779657299954	0.2752325608309204	-2.2329	1.76238	30
거칠게걸음	38	ground	0.7557642998537476	1.7606392727649525	6.54556	11.524370000000001	3.3494680326727444	0.6488223936223374	-0.39431562916666674	7.508047	2.34565117773674	0.5421940674282436	-0.309054	0.231113	24
거칠게걸음	39	ground	0.8060183571201753	1.7302699458622859	6.80358	11.77203	3.168456713563929	0.6449517897500552	-0.5185149851851851	7.611083	2.3227116301711255	0.4178769048752696	-2.28246	0.601617	27
거칠게걸음	40	ground	0.6670376096087474	1.4380797807343022	6.457179999999999	9.28594	2.417613258812966	0.5559037002151018	-1.3681782142857142	3.92811	2.6373234097384755	0.8976014213553177	0.283899	1.56652	28
거칠게걸음	41	ground	0.7716634833473494	1.807492842248974	4.02037	7.26679	2.314521738824556	0.6338178985327347	-1.9870827037037038	2.58636	2.666312177617634	0.9597604098637788	-1.62552	1.51557	27
거칠게걸음	42	ground	0.8057738466941954	1.9812057348347656	5.25107	10.40345	3.0251848413550064	0.6518843043308221	-3.5891408807692304	2.6135099999999998	2.2546409172864497	0.6981717766589018	0.737626	3.8427	26
거칠게걸음	43	ground	0.837095762389199	2.260626156870801	4.6442	10.4988	2.775346170530415	0.719971916215625	-1.8263824612903226	5.60771	2.6310439262924135	0.3496862823288812	-1.76452	1.79615	31
거칠게걸음	44	ground	0.7137167201934183	1.7254741640546019	8.74486	15.08903	4.239704191313735	0.629147845559074	-1.42046535	9.33678	2.123740534386591	0.562888973213581	1.43666	1.20692	24
거칠게걸음	45	ground	0.8723917910879326	2.335477419197766	4.60025	10.74378	3.213493743108331	0.704910633444203	-3.0876585000000003	4.02659	2.4682248597968766	0.39881538667081834	-1.19985	3.21999	28
거칠게걸음	46	ground	0.8481743309249884	2.6419110650727893	4.21817	11.144029999999999	3.030523319607879	0.7318142663118676	-2.762476904	4.40802	2.1751204090896024	0.7230433438874618	-0.116615	2.91526	25
거칠게걸음	47	ground	0.9253937501453486	3.913981593452683	2.46238	9.63771	2.5006876406489504	0.8146794545010835	-4.017599427586207	1.66486	2.6276389797299786	0.3496523894472693	-0.203389	4.01269	29
거칠게걸음	48	ground	0.761002145502882	1.4934612997370298	6.9341	10.35581	3.3562769027646455	0.5913669064187299	-4.691601036	1.48773	2.5846004322576523	0.6286265115329963	1.70296	4.74714	25
거칠게걸음	49	ground	0.684647136976099	1.1898436267953632	5.209339999999999	6.1983	1.9035079880036008	0.524033578656198	-2.0721349677419356	1.3657399999999997	4.1875956405390085	0.5194737883457747	-1.9466	2.03452	31
거칠게걸음	50	ground	0.6230784900778207	1.0693016983259016	7.00156	7.48678	2.2740034234162625	0.5095715509950215	1.05183132	5.8323	2.8432961252497515	0.517598086127397	-1.50141	-1.03581	25
거칠게걸음	51	ground	0.5736977987052818	1.1899155563753816	4.5119	5.36878	1.3355735416613872	0.5927759408646073	-0.6981030382352941	2.8956749999999998	3.986651147300555	0.4628833413393533	-1.82476	0.727745	34
거칠게걸음	52	ground	0.5110513414244264	1.0149806399775791	8.161200000000001	8.28346	2.1832176086515998	0.47657815249920893	-3.0938182636363636	1.9404400000000006	2.080181485189009	0.6642888320869805	3.74774	2.97157	22
거칠게걸음	53	ground	0.73071956086707	1.5231275008811334	8.51389	12.96774	3.487779396143904	0.6455300294219264	1.6555146774193548	11.21921	3.260164333980604	0.611071271621507	-3.40255	-1.91088	31
거칠게걸음	54	ground	0.7130907888862276	1.307355449076636	12.07309	15.783819999999999	4.925743953508828	0.5933479041180404	-8.55817695652174	3.09131	1.7355788707229076	0.4049323662234998	7.26587	8.64739	23
거칠게걸음	55	ground	0.5877230764818645	0.9798187557614126	13.151319999999998	12.885909999999999	3.951205358025056	0.44473876904683063	-2.8601423882352943	4.336869999999999	3.7875877268517057	0.7087198705550573	-2.33092	2.45949	34
거칠게걸음	56	ground	0.8367088579412004	2.1828023841674806	8.266960000000001	18.04514	5.143754366729152	0.7245057808861842	-13.245585272727272	0.5551999999999992	1.6315636393966815	0.2584861981814459	5.71202	14.4665	22
거칠게걸음	57	ground	0.4836798417174773	1.0772747083272742	9.452639999999999	10.18309	2.0561205059007617	0.5696737050118887	0.5806502754716981	7.399013	5.951030878945043	1.3315503961130404	-0.624497	-0.619913	53
거칠게걸음	58	ground	0.49700146003418466	1.4146130673650488	5.91279	8.36431	1.8958417380946857	0.551719108791073	-0.9388355757575757	3.3348089999999995	3.4371838418544622	0.3246099174677981	-1.26288	0.679091	33
거칠게걸음	59	ground	0.8443525047952196	2.604107188687913	4.42395	11.520439999999999	3.038747746213526	0.7752293796289975	-0.6468675652173914	7.356138999999999	2.911175803274578	0.5475029243517223	0.0212642	0.761001	23
거칠게걸음	60	ground	0.6188777550171476	1.4244976027753353	5.39016	7.6782699999999995	2.1088438887322942	0.5304645397506449	0.15314406060606062	4.220689	4.191930109558213	0.7998169263004726	-1.05165	-0.439429	33
거칠게걸음	61	ground	0.8314373328462203	2.257571013192204	5.3018	11.96919	3.259129194847945	0.6956895432351085	-4.091856035714287	3.996579999999999	2.6675752735443092	0.3131763430848665	0.488737	4.52657	28
거칠게걸음	62	ground	0.7864921629299064	2.291866281164401	3.40238	7.7978000000000005	2.0901526736807017	0.723038795609345	-1.9259594413793102	2.95796	2.8453528443793323	0.5721133183228462	-0.532999	1.68379	29
거칠게걸음	63	ground	0.7802947500505915	2.244279530858113	4.55863	10.23084	2.8542627975601054	0.6822934703435352	-0.9595232400000001	5.35734	2.1568473099836925	0.6670433686971448	-1.7183	1.18348	25
거칠게걸음	64	ground	0.918548037979507	2.86611966017044	2.069938	5.93269	1.8801225185922563	0.6811485928864137	-1.1669867551724138	2.12713	3.6484086150427824	0.7046882409252191	0.578945	1.00928	29
거칠게걸음	65	ground	0.7030372862083103	1.7694535866174874	3.779907	6.688370000000001	1.638599489629539	0.6304884421492237	-0.8160777281481482	3.5749800000000005	3.4772808831433055	0.37337610658916337	-0.382184	1.21433	27
거칠게걸음	66	ground	0.9238170264961711	3.021780715202576	2.74968	8.30893	2.290589875736034	0.7646938033057122	-1.4257049354838711	3.04814	3.3806956832239337	0.7989342214570269	0.894347	1.45791	31
거칠게걸음	67	up	0.8714300661556189	2.382246956083834	3.279618	7.81286	2.20437213873689	0.6834731761961139	-2.503786122580645	2.4943999999999997	2.765504209858766	0.5400996726732268	-0.476251	2.44761	31
거칠게걸음	68	up	0.9699371931326171	4.107350295180986	1.572739	6.45979	2.134291002368719	0.7943318102448352	-3.4162858928571427	0.8212899999999999	2.8825575881744574	0.6196196460337	0.431283	3.40697	28
거칠게걸음	69	up	0.9267183128437603	2.856098624410338	3.02478	8.63907	2.6916511190272105	0.6930995233719156	-3.3472264	1.5534499999999998	2.2723632718112645	1.056665425748525	-0.718036	3.01366	30
거칠게걸음	70	up	0.9530082238582372	5.1976616358432794	2.670245	13.87903	3.974571268879297	0.8033202052195693	-4.218173886071429	5.02585	2.0364759719593386	0.6284402787131914	1.79154	4.17934	28
거칠게걸음	71	up	0.9624922546228328	3.8427667271623265	3.10475	11.93083	3.9881243316267945	0.7803692835079826	-2.975406481481482	3.4995499999999997	2.240174081544592	0.9280779847699525	-0.655069	3.02685	27
거칠게걸음	72	up	0.9506708714561385	3.288973971415437	3.5546800000000003	11.69125	3.7773454343078163	0.7438332846139589	-4.717675931034483	2.4216599999999993	2.4778983031669672	0.9009987998939313	0.603695	4.43472	29
거칠게걸음	73	up	0.9824198870940617	7.402895495510685	1.825868	13.51671	4.12304651329217	0.8708289684509225	-2.1038396	7.23288	2.132420308892998	0.46707915904616476	-1.33434	2.58475	29
거칠게걸음	74	up	0.9294797802918889	2.454631270072325	3.54881	8.71102	2.7198627598272247	0.6662094857952418	-2.477239103333333	2.72594	2.760266717103799	0.6813690273103845	-0.164291	2.3063	30
거칠게걸음	75	up	0.9680703507364425	5.848402873547717	1.9805732	11.58319	3.284751952302112	0.799088673794015	0.09601988928571425	7.5342477	2.2538614090327265	0.7366754379873692	-0.541802	0.0837523	28
거칠게걸음	76	up	0.9799084691164407	4.031538264159258	2.234048	9.00665	2.9744846214964253	0.7266853349766049	-1.99870474	2.87725	2.5157156838378483	0.7441929313894817	0.144577	1.825	30
거칠게걸음	77	up	0.9547057570221175	4.124551653789943	2.089912	8.61995	2.669887532740851	0.7010268014310274	-0.8870945205882353	4.761156	3.5002817917746376	0.6517658373748245	-0.339727	0.703404	34
거칠게걸음	78	ground	0.7600319497424067	1.709295998705131	3.91491	6.69174	1.9704781617168554	0.6509335392411161	-2.3330754333333332	1.5513700000000004	3.324878831903119	0.3646451966405528	-1.04567	2.56046	27
거칠게걸음	79	ground	0.7134755533496853	1.532296011530367	5.41073	8.29084	2.3724933063019025	0.570797929697467	-2.1460075518518518	2.20237	4.056993823192607	0.7831116474560113	-1.58624	2.04258	27
거칠게걸음	80	ground	0.7572202954328973	2.114622861336378	5.50501	11.64102	2.7978489063122414	0.66684288469359	-2.728736378787879	3.9658899999999995	2.9905538402692344	0.5705859962634253	-1.13187	2.58076	33
거칠게걸음	81	ground	0.7833288533052154	1.8200773318802446	5.78543	10.52993	3.1525907747980626	0.6226551522856357	-2.7211598153846155	4.0644	2.3183545780494104	0.4626402446072622	0.417244	3.04847	26
거칠게걸음	82	ground	0.8725676824343871	2.32756590606583	3.1382570000000003	7.3045	1.9475437090843961	0.666259424177403	-1.3591901034482758	3.53615	3.8396993913056785	0.5812618726910078	-0.614025	1.37193	29
거칠게걸음	83	ground	0.839189877241319	2.148154674956393	3.132051	6.72813	1.8831316452743194	0.654382614921746	-3.8029487478260866	0.15108999999999995	3.295771429206636	0.39512621391000463	0.866966	4.16705	23
거칠게걸음	84	ground	0.8732973817857684	2.3246601641113904	3.30675	7.68707	2.0710122040508208	0.7422349165382357	-1.463015234375	3.34077	3.3717924081470265	0.6242973057093046	0.345406	1.46411	32
거칠게걸음	85	up	0.9320582138897222	3.533335132734474	2.4062449999999997	8.50207	2.4585525358159774	0.740928595334718	-0.4785031413793104	4.130313999999999	2.3928340135926955	0.9012112264609952	-0.548024	0.385016	29
거칠게걸음	86	up	0.8217594656091319	1.8451462862326136	3.67224	6.7758199999999995	2.0702114571601395	0.6356017895591537	-1.3398048928571429	3.0276199999999998	2.873475874855619	0.4914562418524259	0.0588788	1.56098	28
거칠게걸음	87	up	0.9435483588617448	3.3912476538459835	2.81456	9.54487	2.6826250254364874	0.7783887851520674	-1.4755253461538462	4.51927	2.4988398255804563	1.0177634173565115	0.240368	1.33096	26
거칠게걸음	88	up	0.8958922700482501	1.7862430008260728	3.7935600000000003	6.77622	2.5308408042249178	0.6523322926070255	-2.3381526620689654	1.50007	2.951935954049012	0.9667793293909932	-0.496061	2.09402	29
거칠게걸음	89	up	0.9611714142861562	3.524405670791232	3.18553	11.2271	3.608153465970429	0.7768520675760897	-4.210325769230769	1.86287	2.10902793222533	0.9177874761712763	1.41023	4.10288	26
거칠게걸음	90	up	0.9471455649155985	3.1686951444154645	2.7600320000000003	8.7457	3.123382155487227	0.6536308049497386	-3.853330821428571	0.6832400000000001	2.2268340278331196	0.9252743982630001	-1.52175	3.88243	28
거칠게걸음	91	up	0.957472320927999	4.092723024350465	2.598319	10.6342	3.0865974629778434	0.812239542332471	-1.5162855555555557	5.39436	2.2616634850390023	0.9073780383082083	-0.972719	1.63788	27
거칠게걸음	92	up	0.9705637590347197	5.099711737541962	1.8826770000000002	9.60111	3.5621561680043463	0.8301629555039792	-2.9514797407407407	1.99885	2.45509635543887	1.0053689760674052	-0.680715	2.748	27
거칠게걸음	93	up	0.8896424579546448	2.410202352492033	3.103088	7.47907	2.4028211975127904	0.685923239142801	-1.4941608333333334	3.15442	2.298890563785354	0.6734452776653993	-0.794764	1.70204	30
거칠게걸음	94	up	0.9449886924717362	2.7423627337013547	2.637266	7.23234	2.217823974564686	0.6977522895321832	-1.2357375466666667	2.8949499999999997	3.0696505522902395	0.9245591040181277	0.141895	1.18097	30
거칠게걸음	95	up	0.9505327507441824	3.135030293502081	3.025958	9.48647	3.115287036477698	0.7382198750061729	-2.880544679310345	3.14396	2.528537629727886	0.778971583943066	0.320274	2.5999	29
거칠게걸음	96	ground	0.8786070410011617	3.3020600998154404	2.64987	8.75003	2.47017138227795	0.7497131880230257	-2.2204428739130435	1.2527599999999999	2.6086764023981677	0.7252408465737387	-0.785422	2.60264	23
거칠게걸음	97	ground	0.8623961461835408	2.211367702310619	3.58243	7.92207	1.9852579805179118	0.6835832017143334	0.10137322857142861	5.155831999999999	3.2061303501551444	1.0188793677390804	-1.34904	-0.330842	35
거칠게걸음	98	ground	0.7719556709948695	2.092430293298958	4.82991	10.10625	2.4097640777305056	0.6090102554138543	-1.6933988999999998	3.9406100000000004	3.0629435460664314	0.3215531594984075	0.866467	1.72877	31
거칠게걸음	99	ground	0.6011343881706835	1.0819387106186413	7.28154	7.87818	2.26148158920592	0.5391307741610801	-0.2719259583333333	3.737038	2.7965133431575953	1.1206773280451476	2.06665	0.544372	24
거칠게걸음	100	ground	0.5916772411954063	1.2234285612383076	7.409929999999999	9.06552	2.1010808811646253	0.529577520147376	-2.5430156526296295	2.8794600000000004	3.0868127262073193	0.3275164960438536	-0.130486	2.50494	27
거칠게걸음	101	ground	0.5852093899565584	1.1454898516469212	7.25597	8.31164	2.203220066063217	0.5245042278712272	-1.3153178321428571	3.8243699999999996	3.311866986549796	0.6370613489882466	1.66165	1.32152	28
거칠게걸음	102	ground	0.4841023260776043	1.188180451729269	7.52533	8.94145	1.963286177228212	0.47195781718714197	-2.030488066666667	2.50141	3.5937163254695177	0.24847488351939925	-0.181458	2.13954	30
거칠게걸음	103	ground	0.764853023675358	2.3422868334046987	4.643398	10.876169999999998	2.7320864580676556	0.5819407666739043	-0.496473875	4.990054	2.7825347432448257	0.30155693403272626	0.308414	0.482226	24
거칠게걸음	104	ground	0.7024457255653138	1.8378733398652198	3.82158	7.02358	1.595671833113632	0.6316929056864533	-1.009198628125	2.357321	3.2987455432687347	0.35373712657780676	-0.974606	0.899809	32
거칠게걸음	105	ground	0.5595717666154515	0.9942654371824925	6.6648499999999995	6.6266300000000005	1.8928881174996406	0.379298351024907	-2.950081729166667	0.2683399999999998	2.8052131264375064	0.36585735185785645	1.33304	2.98863	24
거칠게걸음	106	ground	0.5594089952700705	1.1569014218358589	5.280035	6.10848	1.466010421559521	0.43137903081343243	-0.9744821599999999	2.33896	3.2077559942299714	0.352934438357222	0.0447812	1.04083	32
거칠게걸음	107	ground	0.6865893151372746	1.318268125323917	3.97627	5.24179	1.44439628261684	0.5422008641714132	-0.6917931153846154	2.049046	3.004822840322057	0.7394839341578758	-0.231355	0.672374	26
거칠게걸음	108	ground	0.8871067138366415	2.39618778724909	2.5156	6.02785	1.8707828830412434	0.6796363706345963	-2.7061622142857145	0.5294699999999999	2.653254536300812	0.4837495105964765	-0.693203	2.58285	28
거칠게걸음	109	ground	0.8031009868257045	1.7586295715721272	3.746275	6.58831	2.2092539214425937	0.5546049280031717	-1.8136464347826087	1.6037500000000002	3.1060177076945465	0.8652996342878502	-0.155768	1.91356	23
거칠게걸음	110	ground	0.8161469458987259	1.9271359451672763	3.57172	6.88319	1.6843178227128317	0.5459260387732641	-2.2931266875	1.40007	3.2449874717409055	0.6497546518572962	-0.53372	2.25247	32
거칠게걸음	111	ground	0.6957022346932461	1.3108137887515021	5.30887	6.95894	1.7114960365408063	0.5802293719696859	-1.5664542111111113	2.4533999999999994	3.104488511579644	0.6174354440592045	0.0909595	1.65474	27
거칠게걸음	112	ground	0.9079621859571696	2.4333291921798397	2.367078	5.75988	1.7854053563721737	0.6623287475159845	-0.24189741034482753	3.4109366	3.577628993212097	0.8288589215943212	0.0491659	0.0819534	29
거칠게걸음	113	ground	0.9623820313739898	4.482862202368027	1.9208129999999999	8.61074	2.2427577662114877	0.8086248610239931	-2.714002925714286	3.17152	2.570507728235724	1.7676990463908877	0.663153	2.14252	35
거칠게걸음	114	down	0.9587216702711722	5.063026012590495	2.585361	13.08975	3.8213541937640043	0.7975161986199973	-7.5531675555555555	0.0	2.2279114312402517	0.7487939685191369	-0.607958	7.56224	27
거칠게걸음	115	down	0.9521136134036142	4.089992895422645	3.06902	12.55227	4.250933739904594	0.7029129763669251	-4.636037740740741	1.96026	2.661025667511412	1.2545378182676026	-0.145713	4.45891	27
거칠게걸음	116	down	0.9592547810271128	3.494809609100456	3.96213	13.84689	4.356663581426456	0.7709250989238607	-4.867541888888889	4.03589	2.2443695199358515	0.8306021036660914	-1.24532	5.10722	27
거칠게걸음	117	down	0.963713331839873	4.43180970454996	3.4321599999999997	15.21068	4.689699265438854	0.7742582507733687	-5.492729384615385	3.0314299999999994	2.4251761476801343	1.1444853060782079	0.954945	5.34894	26
거칠게걸음	118	down	0.9706926976082232	5.179481918854845	2.603772	13.48619	4.310659557335566	0.7807601416913951	-2.115785607142857	5.71804	2.3371017056541894	1.1138896682397106	0.786275	2.175	28
거칠게걸음	119	down	0.9439429332744022	3.851468390575865	3.52154	13.5631	4.268209792897239	0.738405871782051	-7.488467678571428	0.0	2.257755646943743	0.935117392236602	0.83354	7.58746	28
거칠게걸음	120	down	0.9754769839337316	5.100947808404738	2.862915	14.603580000000001	4.65081311876817	0.7887741548462861	-5.234347703703704	2.5298799999999995	2.190987745356539	1.2330869661838029	-0.250319	5.05991	27
거칠게걸음	121	down	0.9753312192356957	5.017362190456941	3.2766599999999997	16.44019	5.302837144668227	0.8549319037096391	-7.0054456	3.52044	2.155143141678711	0.7759268913274285	1.49985	6.95086	27
거칠게걸음	122	down	0.9881670059749722	7.687812147000237	2.232297	17.16148	5.164290726208727	0.8621901908396365	-7.518296807692307	3.12315	1.8032440086681476	0.8059064159265871	-0.188479	7.85185	26
거칠게걸음	123	down	0.9367419720359977	3.3705131511041886	3.94542	13.29809	4.480064048092435	0.7987467299808232	-5.281065166666667	2.43584	2.2565728637314297	0.7857888284384235	-0.551979	5.46323	24
거칠게걸음	124	down	0.967493919711849	3.706322377207557	2.953572	10.94689	3.3002573024399466	0.7537981421067032	-3.9753996923076924	2.6033800000000005	2.2451074606377555	0.8080153971937846	0.0697588	4.08737	26
거칠게걸음	125	down	0.7401411219967006	1.6477665654071139	5.16805	8.515740000000001	2.851457778907607	0.603573622985642	-1.1559307463518518	3.3628	2.219677785381291	0.39127830228345895	-0.125265	2.18715	27
거칠게걸음	126	ground	0.9118791908352013	2.810829889906321	2.039725	5.73332	1.6730029470071675	0.7317267704466242	-0.3489642083333334	2.5152516	3.470865440562415	1.4932302528975845	1.00084	0.0438084	24
거칠게걸음	127	ground	0.7875369856662737	2.184339434340161	4.35029	9.502510000000001	2.0235010617277376	0.72756745248865	0.2511	6.403646	3.902536468287262	0.5729742757773145	-0.248824	-0.110886	32
거칠게걸음	128	ground	0.8020177231601048	2.138185577573119	3.7679329999999998	8.05654	2.3011492349316462	0.6006816883026036	-1.7240985125	1.6994700000000003	2.8446338435730865	0.15177255361196065	0.712513	1.7609	24
거칠게걸음	129	ground	0.8896213569668144	2.5891952276989927	3.0431	7.87918	1.9780353930545749	0.7308266596962391	0.17981070000000002	5.711667	2.8043033423159605	0.7302930767935475	-0.284022	-0.322807	30
거칠게걸음	130	ground	0.8278138572096416	1.9556778274608528	3.6370509999999996	7.1129	1.9630037869682877	0.5730281998198228	-0.8913243387096774	3.2126959999999998	3.1216732163540506	0.4294854310626033	0.658231	0.785104	31
거칠게걸음	131	ground	0.9145212288068654	3.256457906076744	2.3676399999999997	7.71012	2.202503159023227	0.7665186795282009	-2.113456588235294	2.64436	3.3404660164267495	1.1666061210610639	0.280913	1.42856	34
거칠게걸음	132	down	0.9547365940010925	3.5271622051786364	3.46787	12.23174	4.089274166375763	0.7753122529116832	-3.961357592592593	3.1054399999999998	1.9916923848829018	0.9492144711983269	1.31499	3.64325	27
거칠게걸음	133	down	0.9595486214696365	4.342227279064854	3.273912	14.216070000000002	5.028008083357103	0.7757216685193515	-5.206483703703704	2.7791200000000007	2.045434522170642	0.8906150204464764	-0.80287	5.36083	27
거칠게걸음	134	down	0.9844854028694016	6.161408284541846	2.429107	14.966719999999999	4.941823828338353	0.8390713404218274	-4.719213384615385	3.9864599999999992	1.8150614473779987	0.9399146160170847	0.777987	4.62237	26
거칠게걸음	135	down	0.9466348446015331	3.09001654094815	4.58238	14.15963	4.482569658875133	0.7532959375912367	-3.4381375535714285	4.931980000000001	2.240861428009928	0.9151838904233462	-0.758671	3.55533	28
거칠게걸음	136	down	0.9663175517890636	3.8143374840541147	4.40956	16.81955	5.3328405037455004	0.8268794271591987	-8.48500744	2.46349	1.8172174918062032	0.8735042707457463	2.13666	8.39261	25
거칠게걸음	137	down	0.9879828959544468	8.96505013315913	1.8536839999999999	16.61837	5.405344801848659	0.8669783426800813	-6.287422992857143	4.1709700000000005	1.9576405983926333	0.5502722654332396	1.50839	6.53473	28
거칠게걸음	138	down	0.9645815567127644	4.6133176204355015	3.28422	15.151150000000001	4.438075943244798	0.8403497449883105	-7.513324583333333	1.6908000000000003	1.8939084246079074	1.0018019913068474	1.53263	7.52903	24
거칠게걸음	139	down	0.9852848309767908	6.779288928036819	2.167807	14.696190000000001	5.055898400866794	0.8683015906626496	-2.1469554444444445	6.0618	2.2593628979300378	0.9751261124424259	1.20368	1.87419	27
거칠게걸음	140	down	0.9813936610866811	5.44682983833648	2.8828199999999997	15.70223	5.5611141480851884	0.8242714540171654	-5.031937708333333	3.469360000000001	2.0235854128343647	0.9728972974131471	1.0525	5.11593	24
거칠게걸음	141	down	0.9482255252943054	3.117134238036505	4.76718	14.859939999999998	4.988310578198362	0.7712946841913313	-6.4826922399999996	1.8693899999999992	1.8343915082684743	0.8479574409178827	0.785351	6.66315	25
거칠게걸음	142	down	0.9567021919019902	4.141891246467334	2.853904	11.82056	3.5752431198160437	0.7695802145175912	-3.8561245	3.6175100000000002	2.088126321765988	0.8629921851579007	-0.645072	4.16674	24
거칠게걸음	143	down	0.7769630932863214	1.5972326709823577	5.76874	9.21402	2.9949946351013126	0.5704490827090252	-0.37837539285714294	4.59633	2.478587321622464	0.5123261986660457	-0.350088	1.4248	28
거칠게걸음	144	ground	0.8676524722620136	2.3567983920957727	4.19077	9.8768	2.4398842291960166	0.6947602756250784	-2.77365284	3.34923	2.8304623817087338	0.5764776798408668	0.202908	2.26205	25
거칠게걸음	145	ground	0.9231414794773294	3.271017046574216	3.061479	10.01415	3.0838605773120484	0.7243764100516876	-1.9131657599999998	4.3506599999999995	2.7144639949204072	0.42948528225058585	-0.101566	2.24068	25
거칠게걸음	146	ground	0.8840200425329435	2.339905534228344	3.43619	8.04036	2.1165945804849615	0.6450807674817388	-1.999764103448276	1.9846399999999997	2.8802054200827776	0.6871728043353262	0.245387	1.78913	29
거칠게걸음	147	ground	0.8893346628279988	2.665976327473032	4.49055	11.9717	3.1869157116437634	0.6792741751203927	-1.0782003375	4.95787	2.730348014366742	0.6122019713049511	0.158002	1.10167	24
거칠게걸음	148	ground	0.8988441317816294	3.2922589921448124	1.933405	6.365270000000001	1.5940932101490748	0.6963957819304536	-2.428688945	0.27583	3.9540041768267016	0.5211266993221425	0.131046	2.43339	34
거칠게걸음	149	ground	0.6424640335052393	1.0212294004999123	6.09061	6.2199100000000005	2.1066839475304913	0.4542303687251041	-2.4442855453846155	0.87337	3.207474400767356	1.0020853864249224	-0.0700933	2.44233	26
거칠게걸음	150	ground	0.6687807296880287	1.6419008567032154	5.5997900000000005	9.1943	2.095851770216425	0.5801039787968791	-0.9422152709677418	3.5564160000000005	3.2413327901069673	0.37872605423340744	0.270065	0.824274	31
거칠게걸음	151	ground	0.5505196667937547	0.8601862838416853	8.03934	6.91533	2.0300946227471006	0.4377229326270096	-2.1399152923076925	1.64345	2.5251663875355597	0.5320551671903184	-0.257145	2.09329	26
거칠게걸음	152	ground	0.636275135447747	1.60531059957947	5.624600000000001	9.02923	2.165768385352138	0.5333193066183732	-1.5826516451612904	3.1111400000000002	3.0356985151198437	0.41917384012682884	0.575714	1.47683	31
거칠게걸음	153	ground	0.6546069135562251	1.2001080410556555	6.38645	7.664429999999999	2.25875060245583	0.5151692480330409	-1.7234238846153846	2.6458999999999997	2.403059725271689	0.5367887238745126	0.554574	1.98474	26
거칠게걸음	154	ground	0.5169134714164968	1.066021097234462	5.9988399999999995	6.39489	1.6769994478563293	0.4756194018618034	-0.7306970333333334	3.099132	3.1333784420564266	0.68911692633398	1.03867	0.388528	30
거칠게걸음	155	ground	0.5900678777108334	1.1334866817466005	6.53848	7.41128	2.0841007232032496	0.476720316493542	-1.659650573076923	2.54559	2.5144438937635893	0.4389062575100196	-0.649215	1.94113	26
거칠게걸음	156	ground	0.6323229163609878	1.482203690887884	5.23086	7.7532	2.0298535704047644	0.5700215770996567	-0.5689816060606061	3.714773	3.8930864040708277	0.602807938161904	0.335373	0.440747	33
거칠게걸음	157	ground	0.5675125614457059	0.9231932415744499	5.3270104	4.91786	1.6290075926058007	0.3609699718780834	-2.503968896153846	0.3129900000000001	2.9557539604188556	0.43979976448334324	-0.870738	2.69781	26
