dataset	step	gt	start_pY	start_pZ	rangeY	rangeZ	aspect	zFrac	area	path_len	meanZ_offset	maxZ_offset	angle_deg	quadrant	n_samples
일반보행	1	ground	0.00260019	3.62186	3.8112000000000004	5.55579	1.457753080984183	0.7826710078639085	12.26586627587995	26.284867275583853	-2.3611834769230766	0.7606299999999999	-95.45555720004127	1	26
일반보행	2	ground	-0.0392571	2.19257	2.197099	4.80255	2.1858586318328705	0.9003062991537857	6.666521987251699	18.321225169895442	-1.3129814137931035	1.3626200000000002	-61.19492943827517	2	29
일반보행	3	ground	0.335841	1.78769	2.945457	7.879059999999999	2.674986368843147	0.8766268571304742	7.4549584265884015	26.238442221259344	-0.758424037037037	3.9400299999999997	-83.92303471624142	1	27
일반보행	4	ground	0.786235	1.93968	4.2132	9.3789	2.2260746638956936	0.7502912910515611	6.366742864683897	50.691029917997966	-1.3157301914705883	1.5721699999999998	-118.04728474111737	1	34
일반보행	5	ground	1.68093	1.61687	3.21421	5.69711	1.772475422428708	0.7828729358512354	2.3353229738109	19.917330020061325	-0.8687960666666666	2.129	-146.22024817036686	1	30
일반보행	6	ground	-0.372876	1.8372	3.0757369999999997	3.176717	1.0328308197902423	0.48536017294876094	3.7161239170963003	23.41048618182575	-1.3050462189655172	0.7494099999999999	-59.40172815113274	2	58
일반보행	7	ground	-0.38775	1.04348	2.192458	3.09077	1.4097276163431107	0.6708835057320909	1.4858179476996995	11.49393374522627	-0.4101723153846154	0.6784700000000001	-137.43460305311973	2	26
일반보행	8	ground	0.122503	1.04315	2.025295	6.780810000000001	3.3480587528934045	0.8898359678727024	1.3503699052248053	23.991204713707198	-0.9007144378378379	3.1490800000000005	-65.60865685776903	1	37
일반보행	9	ground	-0.654216	2.24333	2.891275	6.3505	2.1964350688069905	0.8422738996621214	6.934501154346999	19.020511954926445	-1.7172343999999997	1.9748000000000006	-74.07047923355492	2	30
일반보행	10	ground	0.629697	1.1419	2.99769	6.3965	2.1338089883180085	0.784814225158004	6.266333331947549	22.938741064612362	-0.8486513107142857	2.90597	-113.99671379621476	1	28
일반보행	11	ground	0.565414	0.693403	4.60051	4.96919	1.0801387063306664	0.5122023352146259	6.868653179417398	19.36108311010244	-0.5076876966666667	2.299577	-151.08315401525368	1	30
일반보행	12	ground	0.817827	0.620515	4.10159	7.71047	1.8798729566161034	0.804605665595608	6.008069583899066	23.73298811988387	-0.426433375	4.350485	-159.557824606629	1	28
일반보행	13	ground	-0.419416	1.60549	4.563969999999999	5.88844	1.2902010113561195	0.6385493206001983	6.232593445723879	17.24267674613036	-1.266578923076923	2.15964	-94.45011639928904	2	26
일반보행	14	ground	0.829071	0.602762	3.645041	5.46893	1.5003750299722198	0.6916855933887163	4.6685715999229	19.272037060196286	-0.46977351724137933	3.0615680000000003	-157.18584250177216	1	29
일반보행	15	ground	-0.41903	1.38481	4.339465	4.42481	1.019666935977837	0.6687640114932422	6.360615931928999	18.2992356429316	-1.0631437307692309	1.48925	-91.20556270488808	2	26
일반보행	16	ground	-0.260334	2.24904	3.11548	3.72876	1.1968488974896654	0.7267622812920707	3.0300913252629	18.361917694306356	-2.1697741515151514	0.0	-82.60698135318691	2	33
일반보행	17	ground	-0.289714	1.93748	3.1105799999999997	3.7043399999999997	1.190883632350355	0.6851234130416441	2.802807008083419	15.191408542380417	-1.6853602307692308	0.6196999999999997	-84.61284976060793	2	26
일반보행	18	ground	0.634786	0.974622	3.55225	5.12967	1.4440618075693412	0.6790001524414021	4.001644345880719	23.76751423306587	-0.9281339036363636	2.354838	-115.25175686329946	1	33
일반보행	19	ground	-0.448362	1.60889	4.52259	4.69533	1.0381946985699126	0.5710805056318917	5.912757546250701	15.848739429980197	-1.3897911407407406	1.1660200000000003	-82.24013952061861	2	27
일반보행	20	ground	0.775543	1.32362	3.37992	4.72565	1.39815398052203	0.7398741813705522	4.960488460714149	19.022404954438745	-1.2625552933333333	1.4005100000000001	-115.84469654934547	1	30
일반보행	21	ground	0.467349	1.11627	4.75361	5.0488800000000005	1.062114674507443	0.6141071043235012	7.451951611965249	18.504013356148647	-0.9707716964285715	1.7060499999999998	-126.8291095050224	1	28
일반보행	22	ground	0.657496	1.61024	3.5840899999999998	4.71711	1.3161245068833354	0.7076470718483923	3.50867392538934	20.714146565141633	-1.5103590519999999	1.34108	-109.79108389578326	1	30
일반보행	23	ground	0.250015	0.431213	3.9620800000000003	4.83707	1.2208407652443247	0.5875474302388354	4.96144970489475	16.356004141711633	-0.2799712107142857	2.455857	-147.0408380958574	1	28
일반보행	24	ground	0.834311	1.89246	2.89055	4.21774	1.4591474082277045	0.7551118472879866	3.9901371256508997	17.36733381253975	-1.975882164516129	0.47443000000000013	-110.53332036618684	1	31
일반보행	25	ground	-0.928639	2.36689	4.19522	6.27069	1.494722208913428	0.7083640972931624	5.723388100962291	20.027113596273065	-2.277818211111111	1.40394	-70.61667169069229	2	27
일반보행	26	ground	1.63393	0.655469	3.64032	5.47583	1.5042162490615525	0.7462612293931714	4.7021858443345	21.962214510686728	-0.6197016966666666	2.6498209999999998	-158.19381433598744	1	30
일반보행	27	ground	-0.634935	2.59938	5.0556600000000005	5.2702	1.0424354006330723	0.621529283681584	6.55726422699275	18.119672019464975	-2.4047199444444445	0.81935	-80.32959198317094	2	27
일반보행	28	ground	1.1999	0.571873	2.75956	4.72162	1.7110040328878395	0.7728593942749077	4.97472145909615	18.915295567723973	-0.5992561935483871	2.124297	-151.01087631704988	1	31
일반보행	29	ground	-0.174373	1.5971	4.08192	5.2269000000000005	1.2805000390747396	0.6685835090379417	7.189286977995778	16.929944377883697	-1.4201153888888889	1.6906800000000002	-90.8175370993553	2	27
일반보행	30	ground	1.07141	0.578132	3.7627	4.60327	1.223395108992184	0.6705088984759588	8.26474980117715	18.594502912423902	-0.6251357966666666	1.916648	-142.1576953142154	1	30
일반보행	31	ground	0.620442	1.31758	4.69102	5.07361	1.0815577248535022	0.6635128010544376	10.6818118945392	18.869628720804833	-1.1726634692307691	1.9146200000000002	-128.01236812164623	1	26
일반보행	32	ground	0.375639	0.643081	3.857	5.59033	1.4493981204568003	0.7355350724503157	4.928111554462678	22.40965566626982	-0.6240649146875	3.020099	-102.87605057044023	1	32
일반보행	33	ground	0.267607	0.709849	4.11498	4.87163	1.1838766691753861	0.6131290117604747	7.361117516118998	17.42749138240778	-0.5326155357142857	2.4972710000000005	-119.45111932772133	1	28
일반보행	34	ground	1.33117	0.318188	4.60004	5.5571	1.2080544499494679	0.580565863428844	5.6125467336287995	24.402160112095192	-0.4647496161290323	2.999952	-159.98545675822834	1	31
일반보행	35	ground	-0.162334	1.60711	3.54497	5.18764	1.4633800953519789	0.7627927824730353	4.957709266843799	17.108749456493285	-1.4515887444444444	1.7577500000000001	-88.7137765216786	2	27
일반보행	36	ground	0.510527	0.744042	3.92006	5.84059	1.4899232435413632	0.7286936572046401	5.817511267719398	18.869585570092706	-0.7445300333333333	2.983288	-117.9258564011975	1	30
일반보행	37	ground	0.145927	0.918794	4.25408	5.310639999999999	1.2483636301236387	0.7083550343136324	6.517200117754499	18.92131911421067	-0.8698521481481482	2.005966	-107.03179077560958	1	27
일반보행	38	ground	1.30146	0.277223	5.2707	6.83386	1.2965751614443695	0.6685835001815557	9.338480870787897	26.23589558877005	-0.33981684666666667	4.243327	-163.46738659659485	1	30
일반보행	39	ground	-0.291064	1.30145	4.786709999999999	5.10008	1.0654664549416082	0.61658357951146	5.737464165540548	20.066815969409358	-1.12275215	1.7189899999999998	-83.55598861917052	2	28
일반보행	40	ground	1.16884	0.379426	3.5734	5.6488700000000005	1.580810549949474	0.63642812130468	8.70625859672625	21.440175014491228	-0.529775324137931	2.709294	-149.55341348405221	1	29
일반보행	41	ground	0.0721869	1.26313	5.519909999999999	5.22011	0.9456873489445754	0.5403903387742793	6.828481711956497	21.218483805509752	-1.0729851642857144	1.9481999999999997	-104.3743754170662	1	28
일반보행	42	ground	1.33453	0.54104	5.07732	5.33702	1.0511488243504792	0.6507650108550185	9.7264794705438	24.341814926060874	-0.5906572903225806	2.95988	-152.0722820935095	1	31
일반보행	43	ground	0.200483	2.46569	4.60322	6.0997699999999995	1.3251090920900819	0.722840065411116	10.096920622159999	20.615159059287034	-2.3448375555555554	1.4551699999999999	-98.63587501182494	1	27
일반보행	44	ground	0.861858	1.26668	4.47463	5.63763	1.259909476334473	0.6924696856736953	8.5116180837387	22.761645261740497	-1.19819898125	2.47521	-122.30298451996613	1	32
일반보행	45	ground	-0.5623	2.08007	5.49892	6.25903	1.1382287543319862	0.6484027314659497	8.914958380253598	17.411382732231523	-1.976953476923077	1.7715999999999998	-75.67877842934227	2	26
일반보행	46	ground	1.51754	0.67006	3.91263	6.17426	1.5780327866338533	0.7297464356781249	6.542815827450399	23.683422754854156	-0.7362429699999999	3.22481	-153.65380514886704	1	30
일반보행	47	ground	-0.215648	1.22178	5.5807	6.2064699999999995	1.112130895383931	0.631863099847855	7.36486787341431	18.27590349352092	-1.0778842407407407	2.60388	-86.17973301126577	2	27
일반보행	48	ground	1.9193	1.46372	4.23896	5.78565	1.3648745529859796	0.6762262565655943	5.9261923614584004	24.782980897761085	-1.5112445133333332	2.13055	-139.8178427216399	1	30
일반보행	49	ground	0.40103	0.673547	4.953749999999999	7.2518	1.4639007895229295	0.7200450446886879	9.167265278308566	22.765388300683064	-0.5263418581481482	3.046293	-142.01540100018363	1	27
일반보행	50	ground	0.867877	1.36586	3.1011100000000003	4.34016	1.3995500322303844	0.7803547638711618	1.09212339655015	19.8849013105827	-1.3569536156250002	1.3656699999999997	-119.86994281614115	1	32
일반보행	51	ground	-0.300879	1.21173	3.75805	5.48629	1.4598764093409058	0.6289472718387297	6.5108597057473006	14.52639056382151	-1.2930195323076923	1.8329600000000001	-75.58448181591106	2	26
일반보행	52	ground	1.36658	0.366923	3.34508	6.29011	1.8804058855376	0.7992030504146465	7.623102418787502	21.490242339444112	-0.3551641333333333	3.146287	-164.98838691866294	1	30
일반보행	53	ground	-0.203682	1.97972	5.4496199999999995	7.3659099999999995	1.3516371138469996	0.666795400134869	9.370526830485998	21.465851505309864	-1.8046990769230769	2.3800399999999997	-88.38763534912161	2	26
일반보행	54	ground	1.07074	0.887387	3.3018099999999997	5.1409400000000005	1.5570061399637958	0.8069362412617461	3.4119796547209997	18.076785042931174	-0.9187235866666668	2.111303	-139.90715026268933	1	30
일반보행	55	ground	-0.401657	1.77053	4.61696	7.00073	1.516306938698421	0.7032149184887704	7.3705722160971	20.634021015128948	-1.6201644185185184	2.32611	-77.82872970483521	2	27
일반보행	56	ground	0.400382	1.51522	3.27825	6.34557	1.9356571537688847	0.8303009342197303	3.793761420284799	23.608179585722727	-1.5531202689655172	2.14187	-99.45902643269625	1	29
일반보행	57	ground	-0.657482	2.74374	5.6801200000000005	7.20884	1.2691349356818278	0.6839020534793177	9.841875055903998	21.12132797530737	-2.5732968076923077	1.1926400000000004	-77.68665546629448	2	26
일반보행	58	ground	1.67365	1.67722	3.58521	5.38856	1.502996615819822	0.7291102213985315	7.4872470269175135	24.31266505284587	-1.6300652877419355	1.50974	-135.77643378112748	1	31
일반보행	59	ground	-0.683222	2.76674	5.64413	7.31565	1.296151701652566	0.6374239124647227	6.767684986145402	23.011606205649407	-2.6637642962962964	1.6848300000000003	-74.32787363360518	2	27
일반보행	60	ground	1.1831	1.49298	3.39137	6.75257	1.9911033030594412	0.8041662323448238	7.019841893328992	20.6787795038697	-1.4382342068965517	2.7445899999999996	-128.4671236452456	1	29
일반보행	61	ground	-0.117522	1.27464	5.32387	6.660170000000001	1.251001386021562	0.6677465373954894	3.6568827048216495	20.044725871517155	-1.2096796653846154	3.3242400000000005	-87.095802521893	2	26
일반보행	62	ground	0.640963	1.16185	2.76921	5.00906	1.8088401353309658	0.8055988334354252	4.794476220870139	17.781051614198294	-1.1221156	1.8505299999999998	-124.38682488641078	1	30
일반보행	63	ground	-0.321669	1.59821	5.02074	8.06442	1.6062210737419038	0.751055389325069	2.719591166865248	23.18199914483008	-1.5743777962962962	3.74754	-78.39630413438198	2	27
일반보행	64	ground	1.16085	0.75047	3.40673	5.5647400000000005	1.6334544758597025	0.8124814932541757	5.720418594240449	20.409206965171556	-0.7351837766666667	2.51369	-156.3874126037164	1	30
일반보행	65	ground	-0.878986	1.27325	4.034571	7.241070000000001	1.7947554288286343	0.7332564752181276	0.6098287325251697	20.36350877391658	-1.105410083548387	3.49169	-60.99295944602581	2	31
일반보행	66	ground	-0.418041	0.660347	2.538511	6.72632	2.6497097512243393	0.8614506431823651	7.704529740091701	18.742141207575504	-0.8222013666666667	3.7656730000000005	-95.03914184833408	2	27
일반보행	67	ground	0.354241	0.959319	2.485995	7.40947	2.980483476240509	0.8723759952976217	7.2367487874218	16.921565604239973	-0.89972299	3.704941	-73.88333395296846	1	30
일반보행	68	ground	0.279714	0.868704	3.3237970000000003	7.3505400000000005	2.211488183096566	0.9020819343635473	0.4623422372605006	32.17464450687983	-0.836968835483871	3.533676	-63.722801177727845	1	31
일반보행	69	ground	-0.368707	2.13551	2.806517	5.43907	1.9380135812419517	0.7662971920515866	0.16815642521799926	20.208021050330373	-1.5549041923076923	1.56874	-56.82998687103886	2	26
일반보행	70	up	0.0689925	1.25109	3.39832	4.3483	1.2795436334589934	0.7811783578447901	3.9432915365117407	21.91669392671108	-1.2128899151515151	1.13536	-89.30832378432373	1	33
일반보행	71	up	0.231861	0.981754	2.263154	6.317690000000001	2.791541012436179	0.9066043657854876	5.403279245249752	19.195884481670465	-0.8864945517241379	2.883896	-75.42921815034619	1	29
일반보행	72	up	0.0568919	1.15223	2.511524	3.88926	1.5485651148206767	0.8317963468833016	5.868924994103244	20.137109703823732	-1.1191166000000001	1.0087399999999997	-107.83073551896284	1	31
일반보행	73	up	-0.382758	1.24444	2.824251	6.00601	2.1265843132978217	0.8336708658117773	3.842845690060048	23.188782193928933	-1.2356752592592593	2.3859	-58.124238640814376	2	27
일반보행	74	up	0.786025	0.518451	2.347083	5.30331	2.259531401517798	0.8865484579355086	4.118607785574051	19.111647545204892	-0.74321962	2.030289	-138.79217169312352	1	30
일반보행	75	up	-0.129592	0.656809	1.7099739999999999	5.523339999999999	3.2300706150674716	0.9302459766152282	3.16765137759255	17.5799960400219	-0.5451056896551725	2.691181	-51.91988631051868	2	29
일반보행	76	up	0.0621663	0.812319	1.979234	5.24934	2.6522065343428145	0.8937420580608051	5.67080627837809	16.54023144987547	-0.88564603125	1.7283110000000002	-107.16042389817605	1	32
일반보행	77	up	-0.118505	1.10174	1.293173	5.29859	4.097352715102531	0.9644457003923295	1.4422299971989796	15.632797298611685	-0.9517551880645161	2.5132600000000003	-69.04832343980976	2	31
일반보행	78	up	0.0751258	1.36865	2.2113319999999996	6.4453499999999995	2.914689917800711	0.9276292509857803	5.08971403476305	21.097513648509572	-1.5566381741935482	2.4183399999999997	-105.76100264677312	1	31
일반보행	79	up	-0.370744	1.4814	2.1516669999999998	4.35462	2.023834532093241	0.8808585075916425	0.5678124221934997	16.747278946003956	-1.3201904117647059	0.9094999999999998	-58.96348502609762	2	34
일반보행	80	up	0.519519	1.53589	2.297122	6.28207	2.7347556051635022	0.9270149152711173	6.51475639645845	14.966576478581906	-1.5941872142857143	1.79743	-119.02039560611293	1	28
일반보행	81	up	-0.146696	0.880822	2.389825	5.05565	2.115488742695075	0.8120140725023371	2.9615988779530857	23.46842542904037	-1.0284646948717948	1.697478	-54.12112759886612	2	39
일반보행	82	ground	0.847265	1.63731	2.254199	4.28622	1.9014373170082512	0.8073323808529735	4.263781448645199	16.789031813992917	-1.5984602903225806	1.0469600000000001	-118.70428853805853	1	31
일반보행	83	ground	-0.189111	1.93212	2.62458	4.90066	1.8672161384998216	0.7846005367328026	6.059435808637851	18.170562659707613	-1.781853653846154	0.7539999999999998	-84.8046462264298	2	26
일반보행	84	ground	1.11272	0.865652	4.5622799999999994	5.350479999999999	1.172764237888898	0.5771893755807473	0.27915200856689976	28.78436379362737	-0.86682	2.191748	-151.4949684411981	1	33
일반보행	85	ground	-0.395938	1.54453	3.935337	5.5453399999999995	1.4091140328988259	0.6248371885951775	4.9041181551585	20.34999459630824	-1.3848503851851852	1.82248	-121.60017528360487	2	27
일반보행	86	ground	0.133457	1.72455	2.77677	5.02011	1.80789485341067	0.8683262062175694	5.2464767594826	25.067712510159545	-1.449041124137931	1.3896	-100.34064849409772	1	29
일반보행	87	ground	-0.216146	0.937271	3.74844	6.39369	1.7056931134837123	0.7519904101609141	2.518707762925161	32.1146369253685	-0.7377455945945945	3.4631290000000003	-77.47281823415403	2	37
일반보행	88	up	0.676372	0.798563	2.2341860000000002	5.84976	2.618294708544987	0.8746554084771209	6.44523899152895	18.634360266314047	-0.9010744516129032	2.512907	-93.8731821691576	1	31
일반보행	89	up	0.717849	0.489959	3.16819	5.9456	1.8766545325076673	0.8387151773224264	9.752448988356601	23.991732815000507	-0.4633512647058823	3.171771	-153.5340919894202	1	34
일반보행	90	up	0.847619	1.51969	2.702108	5.39457	1.9964294556585245	0.8399955702081958	6.692529600894499	17.659424329140062	-1.5386243	1.3099200000000002	-103.55271892846392	1	30
일반보행	91	up	-0.308648	1.12218	1.3248060000000002	5.8423	4.40992537026148	0.9516339104440578	1.7515097100300299	16.700753459685668	-1.1755115006666665	2.0656100000000004	-88.13024261820068	2	30
일반보행	92	up	0.115091	1.39745	2.131726	5.95603	2.7939928518051325	0.9377081259433954	3.8699015340268	17.51644458973199	-1.3732357333333334	2.17915	-76.16802216041896	1	30
일반보행	93	up	0.118215	1.23799	1.89118	6.75817	3.5735183464723894	0.9493667287486401	0.7342578056989499	19.037482672986815	-1.2537730967741934	2.4017500000000003	-105.83463266807044	1	31
일반보행	94	up	0.0797236	1.73348	2.8166200000000003	6.78388	2.408517155840278	0.9154656855704648	7.549827502852397	21.21691144823931	-1.700436912121212	2.22178	-85.73192315826483	1	33
일반보행	95	up	-0.579113	1.0103	2.418329	6.626519999999999	2.740122315812978	0.9296400553362598	2.4959434421836	21.385042401942012	-0.9803407096774194	2.8743	-75.60580646686546	2	31
일반보행	96	up	-0.382693	0.903835	2.852042	6.3421	2.2237042008132417	0.8918669549416703	8.81791543178319	19.112852099164037	-0.8392994133333334	2.821025	-46.13601155171214	2	30
일반보행	97	up	-0.229434	0.840498	2.4438310000000003	6.23724	2.5522376333561385	0.89995989452386	2.024267791457751	23.397756975549665	-0.8837876272727272	3.192762	-93.89083574377237	2	33
일반보행	98	up	-0.8315	0.882178	2.8570599999999997	8.80115	3.0804907560601613	0.9470257628628195	12.121334409908897	26.462351366256758	-1.0018008857142857	4.760502000000001	-53.391346701927645	2	35
일반보행	99	ground	-0.49588	1.29005	2.442285	6.204280000000001	2.540357681287122	0.8972321329238921	4.997615164331901	17.42315874934275	-1.2168190714285714	2.1575800000000003	-101.54312942188346	2	28
일반보행	100	ground	-0.532352	0.593594	3.78653	5.96382	1.5750088933644013	0.712170296896246	8.004680234005	27.213244423319626	-0.636018	2.490246	-34.92892522381593	2	34
일반보행	101	ground	0.304042	-0.287485	2.962973	7.47453	2.522644478149319	0.8498108556246974	1.0596394840178922	20.967082295548753	0.4565369923076923	5.778995	135.77261617019747	4	26
일반보행	102	ground	-0.26583	0.985546	3.67638	6.63711	1.805337912474251	0.7102082404459809	7.573274901096	25.0337552919969	-1.0102625833333334	3.5875839999999997	-62.23872264916857	2	30
일반보행	103	ground	0.281896	1.92712	4.34444	7.813420000000001	1.7984868479051739	0.7718834732150437	7.3558049167891255	21.73994452583826	-1.8727854074074073	2.85075	-95.70094950705695	1	27
일반보행	104	ground	-1.15191	0.693425	4.11145	6.78608	1.6505316492887792	0.7515208274711603	9.320001917000546	26.4400723246476	-0.6963210612903226	3.7393449999999997	-21.5479543501504	2	31
일반보행	105	ground	0.906366	1.85911	4.22576	7.1150400000000005	1.6837298654609194	0.8084834758789893	4.31371492654985	23.814714942604105	-1.655973025	2.95245	-108.55290607277327	1	28
일반보행	106	ground	0.134447	0.53779	3.059252	4.81243	1.5730735574991672	0.7819568273791148	6.952106179383498	21.599282957243894	-0.681339551724138	1.7374699999999998	-35.64983510446639	1	29
일반보행	107	ground	1.33228	1.24873	2.768047	7.4008	2.6736530580394557	0.855201117575617	1.1342478908730493	21.73733668771049	-0.9154177241379309	3.59016	-137.87789881309126	1	29
일반보행	108	ground	1.06377	0.321796	3.40809	4.95485	1.4538490902971781	0.695305756947646	0.2548469491641625	18.620475039075334	-0.4187560064516129	1.9882339999999998	-155.19402240783958	1	31
일반보행	109	ground	-0.763873	0.962951	5.23407	6.2896	1.2016650137149458	0.550554967870074	8.18732334781575	32.81222406880604	-0.780373609090909	3.171759	-60.94146396173439	2	33
일반보행	110	ground	-1.13235	2.33865	4.42109	6.54471	1.480338224207554	0.652544376626017	14.884232647218525	26.038736535954357	-2.4619763679999997	1.0851900000000003	-92.33067356198158	2	25
일반보행	111	ground	-0.659424	1.17125	2.859565	7.108979999999999	2.4860345940607766	0.8567346385126396	5.6345924428667	22.6874808762949	-1.0604499666666667	3.59713	-82.60851771500987	2	30
일반보행	112	ground	0.826575	0.204895	3.27592	5.61625	1.7144033693120193	0.6845279603740032	10.331309906959342	26.51592401478984	-0.22895444912903226	2.450245	-169.36268096082605	1	31
일반보행	113	ground	0.303882	1.53164	1.4198490000000001	7.0802499999999995	4.986618304750501	0.962752563219052	1.08551742865376	18.627436925135484	-1.3771355749999998	3.39456	-96.37779909769196	1	28
일반보행	114	ground	0.52493	0.68838	3.30673	6.89609	2.085470514535352	0.806686693161919	15.273170791196494	20.924711977784614	-0.8682585896551724	3.40244	-119.25085737486877	1	29
일반보행	115	ground	0.30531	0.951998	3.13463	6.226459999999999	1.9863454422546063	0.8734046333899621	3.8317740535374494	18.334316328362096	-0.716274325	3.4338719999999996	-88.12344474637001	1	28
일반보행	116	ground	0.297729	-0.0395721	3.45238	6.03672	1.7485671482956255	0.7835224900171801	6.067638222346449	23.41299819251717	-0.13656051612903225	3.4784221	-164.63673471600492	4	31
일반보행	117	ground	-0.433727	1.54274	3.67262	7.41904	2.020094096287093	0.874710038908086	3.0319400017710003	20.19083837786408	-1.4012903571428572	3.2102399999999998	-73.96415370862816	2	28
일반보행	118	ground	0.0762019	0.932226	2.837078	7.07446	2.4935717334624803	0.8647254412285054	3.2098730149243493	32.81565022102198	-0.931836534375	3.3840139999999996	-113.48767121531583	1	32
일반보행	119	ground	-0.800035	0.589283	2.736745	6.5756499999999996	2.4027257187915865	0.895042567444999	9.369384516896174	27.041757170869918	-0.9517722891891891	3.250337	-44.287730620663446	2	37
일반보행	120	down	-0.521834	3.83962	2.3228429999999998	8.584050000000001	3.69549138900417	0.9613130897661716	2.703688876855352	21.635132495046946	-3.8152435884615383	0.4802200000000001	-96.14796571389267	2	26
일반보행	121	down	0.575753	2.92872	3.106065	8.10854	2.6105498080208207	0.9398314175768822	3.7772323434060002	22.59094753433277	-2.601373896551724	1.8533799999999996	-87.25203492604805	1	29
일반보행	122	down	-0.803465	4.7821	2.4020799999999998	10.87131	4.525788264425721	0.9771624860368041	0.6825059674249994	24.908236691039686	-4.8674536538461535	0.8704999999999998	-85.94823234881167	2	26
일반보행	123	down	0.77587	4.05261	2.882123	10.65193	3.695861107988414	0.9592244738525534	2.962863715026101	33.28980967458564	-3.7254206999999995	2.4125700000000005	-93.81911958310293	1	30
일반보행	124	down	0.721011	4.86603	3.091421	11.52887	3.7293096833754817	0.964799813126411	15.433645883767918	26.752516347560864	-4.681588069230769	2.4479499999999996	-104.43130036083441	1	26
일반보행	125	down	0.595003	5.08651	2.622114	11.39131	4.344321282628718	0.9664945033307107	2.800120332831501	30.22682406584364	-4.970402285714285	1.4340900000000003	-90.63679434279936	1	28
일반보행	126	down	-0.0862516	2.58241	2.082142	9.83164	4.721885096268603	0.9731965152121032	0.7139272237918	25.276593191521037	-2.3255228518518516	3.1016	-103.21524495987131	2	27
일반보행	127	down	-0.810403	0.361713	3.278933	8.9617	2.733113871764421	0.9146784443395473	14.571548558327002	33.32781247600607	-0.45589217241379315	3.8122670000000003	-18.15217420134551	2	29
일반보행	128	down	-0.454817	3.99298	2.099253	11.41506	5.437674526284098	0.978211390994289	0.7530253823649998	28.58963623475665	-3.6516800000000003	2.5207299999999995	-91.8487605677999	2	27
일반보행	129	down	-0.98606	4.95734	3.5382300000000004	11.462299999999999	3.2395567163364962	0.9186678833608067	11.9177874818656	33.59082520248507	-4.92097665	1.5626299999999995	-75.01280394996554	2	28
일반보행	130	down	0.109566	1.91539	1.807096	8.87017	4.908519022498516	0.9567189156418666	1.2683524627549003	26.408116131176204	-1.3129662615384614	4.1714199999999995	-129.0655841496494	1	26
일반보행	131	down	-1.44861	0.0929835	3.24281	4.52333	1.3948793192079338	0.7782251660589006	1.9322775669282706	24.73764098764358	0.4670913866666667	2.9016565	15.354761176538725	2	33
일반보행	132	ground	0.907143	2.91916	2.600783	6.43283	2.4734195534884864	0.8703308994857213	1.7940768054310097	27.419068153211285	-2.910082496896552	0.34704999999999986	-115.18646889928506	1	29
일반보행	133	ground	0.376651	0.188692	3.14173	6.18013	1.9671098512253278	0.8129055401651413	1.3995058065451502	17.598756211203234	-0.4380966464285714	3.5868979999999997	-130.1533369230496	1	28
일반보행	134	ground	-0.0713304	1.26964	3.266408	5.7345	1.7555976609175394	0.7520789230014454	10.710668854598207	22.207897513978402	-1.2788541481481484	1.6960299999999997	-59.70060325103508	2	27
일반보행	135	ground	-0.287143	1.2998	4.381616	5.46707	1.2477288635679475	0.7968387351156011	9.534502471819899	19.882046684558738	-1.1312918148148148	2.20366	-59.528970644915894	2	27
일반보행	136	ground	0.396681	0.653342	2.275639	3.64454	1.6015450598512946	0.7843572401869593	6.946854190241498	20.6295464782545	-0.6638155483870968	1.0382380000000002	-73.80301330691998	1	31
일반보행	137	ground	0.79052	0.950838	1.79923	5.71655	3.177218489454661	0.9075646930625336	5.157443537094299	24.79922091228306	-1.3689365324324323	1.961672	-124.96020668448072	1	37
일반보행	138	down	-0.176458	1.45742	1.993034	6.8939	3.458995953407743	0.9378173514680368	2.6055685669012	17.328093549882276	-1.5457437037037036	1.64786	-66.03128335164351	2	27
일반보행	139	down	0.503021	1.56236	1.8507609999999999	8.1645	4.4114262125546135	0.9578480191857277	0.2463635141800593	27.28408379349131	-1.4814540322580645	2.05226	-122.16541240381883	1	31
일반보행	140	down	-0.133896	3.36695	1.993273	8.844719999999999	4.437282581320982	0.9731834146832278	0.16828034043700035	25.952922778270384	-3.169314535714286	1.5829399999999998	-79.89431678685347	2	28
일반보행	141	down	1.41079	4.94989	4.16023	11.77448	2.8302466858210518	0.9107321531219948	7.902841482334999	31.92792885513544	-4.865674392857143	1.8724800000000004	-115.19884927903442	1	28
일반보행	142	down	-0.293023	2.41521	1.8481519999999998	10.19726	5.517541026094702	0.9797931911860818	4.92012689741093	24.988180714142835	-2.100341942857143	3.1406599999999996	-69.38138722440162	2	28
일반보행	143	down	-0.334951	5.55587	3.0914349999999997	9.930900000000001	3.212390617175967	0.9001590248691763	3.728859296159001	28.008755958256124	-5.410436413793103	0.24754000000000076	-92.99029967084418	2	29
일반보행	144	down	-1.25326	0.566452	2.61665	9.45046	3.6116623882971015	0.9734664230287686	5.594368414149998	29.276834860006968	-0.3980398928571428	4.189288	-13.06465153314043	2	28
일반보행	145	down	1.01231	4.75574	2.54157	8.00933	3.1513304172891488	0.9368470640617753	7.710995893066501	16.787997029918806	-4.700732379310345	0.0	-107.10670045185722	1	29
일반보행	146	down	0.439021	2.12107	2.483215	9.65609	3.888542116352343	0.9759672526084678	5.32553333778	25.883259051294946	-2.1392784814814814	3.0580900000000004	-85.08039679583062	1	27
일반보행	147	down	-0.159772	5.17916	3.24282	10.92022	3.367506254585128	0.9419332874469242	6.8381500694578	27.302025565950725	-4.825578928571429	1.2483999999999993	-89.27832963827674	2	28
일반보행	148	down	0.584304	4.47817	4.1162399999999995	8.6981	2.1131172834632377	0.929605662779307	0.0001322400118000111	25.349713873230122	-4.336295817857144	0.44831999999999983	-88.68455946919224	1	28
일반보행	149	down	-2.07639	3.93036	3.2846	8.97971	2.733881527771562	0.8972116539560734	0.06527283964459932	29.59106660876883	-3.0155749259259257	2.83229	-61.58398667780967	2	27
일반보행	150	ground	-1.37564	2.67811	2.47702	7.25609	2.9293615193411764	0.9085386607381689	3.2954129032346025	21.85402186512518	-2.7746043461538465	1.4960300000000002	-57.13710957620132	2	26
일반보행	151	ground	0.0268256	2.73602	2.0569	6.6017	3.2095370657119613	0.8998160114820697	5.679507748572001	17.45681107317138	-2.6299112037037036	1.4090100000000003	-98.04145967675488	1	27
일반보행	152	ground	0.3618	0.709266	1.852539	7.0426400000000005	3.801612920638691	0.9089512191648004	2.548667949562699	24.576770360291246	-0.8213665517241379	2.683174	-133.39568966887074	1	29
일반보행	153	ground	-0.34554	0.477858	2.783446	7.880850000000001	2.8313274871050176	0.8557100314978083	4.040257713718561	22.521794595100182	-0.3948161724137931	4.894952	-153.6967172222845	2	29
일반보행	154	ground	-0.270198	0.986108	2.332231	8.19223	3.5126136679369804	0.9043817282785825	6.084239977154365	24.420813747405482	-1.0525887965517242	3.717982	-65.47200158436495	2	29
일반보행	155	ground	-0.658044	0.534627	3.95287	6.91422	1.7491640885827036	0.8015238918121279	8.2567872763718	26.572091807666308	-0.401295974074074	3.106613	-71.20028390751231	2	27
일반보행	156	ground	-0.136872	2.0881	4.42665	6.92415	1.564196047983001	0.7120856551082834	9.064635847458748	27.74415161280203	-2.119858784375	1.3497400000000002	-72.77649818740018	2	32
일반보행	157	ground	-0.447262	0.527728	4.9602699999999995	5.37826	1.0842673716819102	0.545306959952617	8.57340248265025	25.81648783280628	-0.47214617407407405	3.0479719999999997	-30.208937860039626	2	27
일반보행	158	ground	-1.42759	0.505796	6.57733	7.77952	1.182777634271409	0.553715368480261	15.846280507244801	41.12633770138389	-0.546921993939394	4.205994	-15.184900273050056	2	33
일반보행	159	ground	1.45774	1.64517	3.081696	5.43203	1.7626749158012613	0.8057745334096047	2.0869514258420008	17.478741697246576	-1.23257914	2.2432600000000003	-96.35190240127486	1	25
일반보행	160	ground	1.29316	0.622151	2.039275	3.3335	1.634648767503761	0.6315919288184488	0.5381039170685504	31.78788026813574	-0.6725703053488372	0.6819989999999999	-154.67057150253783	1	86
살살걸음	1	ground	-2.35456	1.2063	5.00622	4.67077	0.932993169898013	0.5238263970010152	4.598987957350051	22.615820124266765	-2.5351750107142856	0.07286000000000015	-72.35132896998743	2	28
살살걸음	2	ground	1.02192	-0.869371	3.7244	4.06752	1.0921272977856036	0.6434950526864054	6.882903262685534	45.14636277840889	-0.2650105920454545	2.034311	-163.49474899156766	4	88
살살걸음	3	ground	0.563412	-0.205916	4.42157	6.6676400000000005	1.5079798560285473	0.6113587124601296	12.605795306869393	26.666275970783325	-0.724912628125	3.705666	-150.89736564846115	4	32
살살걸음	4	ground	0.421652	1.41285	1.0293459999999999	5.75775	5.59359477416265	0.9768651941205742	0.19638424338014993	13.628481472813359	-2.022635192307692	1.74998	-104.65414956361485	1	26
살살걸음	5	ground	-0.414355	-0.491615	1.978653	7.2698599999999995	3.6741441404106023	0.9330284950279255	0.7050007495160749	25.242516725387407	-0.18502403225806452	4.391535	-128.24160168793105	3	31
살살걸음	6	ground	-0.473607	2.08494	1.4671150000000002	6.15771	4.19715278137516	0.9447481603741598	1.7119350290540496	20.981334818482033	-2.438778542307692	1.61733	-72.28955045652076	2	26
살살걸음	7	ground	0.198715	0.751277	1.105416	3.5707899999999997	3.230265139761737	0.9293098489839009	1.7146745709879	14.770851909715388	-1.363637551724138	0.6414630000000001	-104.11886360802197	1	29
살살걸음	8	ground	-0.199838	-0.170641	2.206286	3.97868	1.8033374624425562	0.7538644175029293	2.5234068314784004	15.088139655748355	-0.14202501	2.200761	-18.722948808894735	3	30
살살걸음	9	ground	0.223946	1.00316	1.751183	3.01768	1.7232226881926742	0.8202412202622663	1.00443073511715	13.132111920224585	-1.352012870967742	0.3516999999999999	-99.51224420192383	1	31
살살걸음	10	ground	-0.041523	0.693883	1.5598640000000001	4.22714	2.7099396422126274	0.8746877567896512	1.1951863604495503	13.41239774974599	-1.0655961111111112	1.510517	-76.85578490498447	2	27
살살걸음	11	ground	0.175392	0.42099	1.825837	5.03909	2.75987793002446	0.8888370966157766	0.76205938997335	15.809697782082164	-0.7304392843749999	1.9384	-114.75113407820574	1	32
살살걸음	12	ground	-0.206608	0.453218	1.5328869999999999	4.63533	3.0239195557666316	0.9162078584316491	0.4432694572064001	16.94575563030003	-0.5607175683333333	2.311572	-42.052772536716716	2	30
살살걸음	13	ground	0.144627	0.242379	1.1126260000000001	3.5387	3.180490856324716	0.9143236329214157	0.8705376494727599	10.867824779071903	-0.5413738038709678	1.3168609999999998	-114.45954558750724	1	31
살살걸음	14	ground	-0.397382	0.444738	1.589152	5.01865	3.1580659634409027	0.864349902705076	2.9875171426147995	15.145813947791876	-0.5391194827586206	2.486652	-40.65985069880159	2	29
살살걸음	15	ground	-0.308778	0.310077	1.676102	5.06141	3.0197487863216046	0.9171971099936648	0.8087650684622499	18.4561786871477	-0.4799385	2.177193	-83.94205878737343	2	33
살살걸음	16	ground	-0.39855	0.933273	2.155021	4.52879	2.10150522825289	0.8063966140868928	3.228347567260356	12.814506627835655	-1.045905225925926	1.7298669999999998	-54.412906012763536	2	27
살살걸음	17	ground	-0.076401	0.560125	1.307822	4.94115	3.778148877944493	0.9433018889178942	0.21455558535475028	13.639961167680493	-0.6754751999999999	2.511215	-100.41717358301352	2	31
살살걸음	18	ground	-0.400628	0.381143	2.157726	6.5748	3.047095392512584	0.8111290313158673	5.02230631323755	18.0537575048932	-0.2384674814814815	3.9235670000000002	-19.553386345984396	2	27
살살걸음	19	ground	-0.444312	0.239977	1.793738	4.5338899999999995	2.5276196815701724	0.8770981853486405	0.7568942491022499	17.616916378188208	-0.4064011212121212	2.187843	-52.55704579007927	2	33
살살걸음	20	ground	0.486679	2.00718	2.504373	6.49079	2.5917814192289166	0.8818813009021782	4.34798385933355	14.557608062605762	-2.021233273076923	2.2987599999999997	-96.23178442423865	1	26
살살걸음	21	ground	-0.179046	-0.0570011	1.4734440000000002	6.05892	4.112077478290672	0.9453852870210563	1.3356051183342497	19.054428280964995	-0.11243653548387098	3.7892810999999997	-146.14208335361764	3	31
살살걸음	22	ground	-0.0408867	1.46605	1.391489	5.782170000000001	4.155380203954036	0.9497031530779856	3.118233473701481	14.56584701829303	-1.3039878407407408	2.21043	-78.1744903611891	2	27
살살걸음	23	ground	-0.520841	0.456894	1.666131	5.0104	3.007204711271376	0.9312995160404517	0.07321631743937503	16.550956274845067	-0.651223669375	2.2018359999999997	-69.843369067193	2	32
살살걸음	24	ground	-0.0212833	1.30681	2.4448540000000003	5.28354	2.1610852177327486	0.7858563186660914	5.0880400422027	14.203647935351285	-1.166526	2.04626	-73.07186010566686	2	28
살살걸음	25	ground	-0.315639	0.970018	1.07651	4.06972	3.780472285002197	0.9556597560056769	1.293946214733545	14.342550150317608	-1.0494013766666668	1.171922	-83.4235761206109	2	30
살살걸음	26	ground	-0.0068714	1.27664	2.210395	6.13337	2.774783341989399	0.8578718692682336	5.1521852875575	16.20377283885444	-1.17153175	2.63898	-82.62563298137525	2	28
살살걸음	27	ground	-0.723375	0.303894	1.4628109999999999	4.64405	3.1747415252267555	0.9379768160510046	0.38114802808714987	14.7203504522236	-0.3821371875	2.586256	-37.780212458492834	2	32
살살걸음	28	ground	-0.00659475	2.26592	1.9186079999999999	5.8101	3.0282876813358017	0.8580277585545981	2.99201321597525	14.476001729364734	-2.090042615384615	1.2426300000000001	-85.35523829930858	2	26
살살걸음	29	ground	-0.559037	-0.119988	2.265853	5.3546	2.363170795647027	0.8637288118649546	1.3480620039474003	17.81943379339074	0.015641258064516134	3.580118	2.97939865720908	3	31
살살걸음	30	ground	0.12611	1.33147	2.453361	5.57676	2.2731093087770984	0.7922365508298803	5.126049866583499	16.390451485953726	-1.2393626928571428	2.5233	-78.80921730051575	1	28
살살걸음	31	ground	-0.289126	0.206146	1.4522629999999999	6.180820000000001	4.255989269168692	0.941445153082046	0.9510327536179993	17.227786600995618	-0.20979227741935486	4.109354	-56.96960207566915	2	31
살살걸음	32	ground	-0.16692	1.46871	2.034551	5.80247	2.8519644619552604	0.8189197703297527	4.817937574668499	14.80634264923461	-1.446535923076923	2.17753	-71.57456036641233	2	26
살살걸음	33	ground	-0.520571	0.431497	1.594347	5.2058	3.265159174784928	0.9362473926815602	0.12599604456636948	16.312245582971453	-0.5021411906250001	2.776973	-58.32340026641241	2	32
살살걸음	34	ground	0.0778783	1.42918	2.373828	4.94691	2.0839369642884975	0.7941979213417982	5.353740854061949	13.709286362030454	-1.2928903076923075	1.8682800000000002	-78.62022471354756	1	26
살살걸음	35	ground	-0.702628	0.204908	1.235214	4.18676	3.389498994102241	0.9245858060816556	0.6156758936650002	14.173957316170263	-0.31013638125	2.299922	-35.08047870891004	2	32
살살걸음	36	ground	0.114193	0.899551	2.002799	5.62615	2.8091422009187137	0.8961051201037278	4.031045592946801	14.080924330515755	-0.8234196785714285	2.7597690000000004	-75.84657584132447	1	28
살살걸음	37	ground	-0.515436	0.41731	1.492533	5.33405	3.5738214338835834	0.9418552029527213	1.5748235226237	15.482234489543433	-0.4304822258064516	2.66976	-61.269373609997054	2	31
살살걸음	38	ground	0.394843	1.23219	1.627165	5.24739	3.224864580503772	0.9184428937191149	1.4363748129994998	14.290087255912571	-1.1354818518518517	1.6050800000000003	-101.81099583399029	1	27
살살걸음	39	ground	-0.40953	0.399407	1.909803	5.53284	2.897072160284511	0.9244728915544566	0.33804840249978996	15.740540360855652	-0.44239490322580644	3.133683	-73.12335771535673	2	31
살살걸음	40	ground	-0.140486	1.18893	2.39378	5.36484	2.241157399110445	0.7627388385515065	5.5410576996688015	15.799617216911914	-1.0903648827586208	2.04839	-74.2416100555674	2	29
살살걸음	41	ground	-0.646287	0.745961	1.953098	5.98256	3.063111496140237	0.9365306606745574	2.2957345707545995	19.25959898094234	-0.6494519677419355	3.4329490000000003	-49.82886145917353	2	31
살살걸음	42	ground	0.947678	4.17891	1.967863	6.14847	3.1244384774557594	0.839453645672896	1.3308739675099994	15.263480843186873	-4.130028207407408	0.0	-102.6161043621338	1	27
살살걸음	43	ground	-0.524867	0.316395	2.078196	4.90949	2.362379504926626	0.8928449482755477	0.5184904149846501	15.667604430366401	-0.33684772903225807	2.670765	-46.21216185456945	2	31
살살걸음	44	ground	0.107952	1.4572	2.4214320000000003	4.9684	2.051842855036666	0.7877170244427109	5.685450421283501	13.41376907572381	-1.3807200714285714	1.7420799999999999	-83.01616861077055	1	28
살살걸음	45	ground	-0.707542	0.540257	1.357568	3.64171	2.682522950951296	0.8960393879153622	1.095135167135	11.946256992429383	-0.5475174838709678	1.393983	-46.44701961705741	2	31
살살걸음	46	ground	-0.30923	0.712938	2.059111	6.62524	3.2175228933637405	0.8483443474508277	5.4448804614352	17.047785596604758	-0.6179686206896552	3.2567720000000002	-48.50608241975833	2	29
살살걸음	47	ground	-0.257582	0.798825	1.688092	5.92521	3.510002114812395	0.9119954716522662	0.3934238142325	17.796301745194018	-0.9184400741935483	2.614075	-85.97242023554581	2	31
살살걸음	48	ground	0.60298	1.23608	1.791641	5.22072	2.9139303499248177	0.9023198442693683	2.9704778419120013	14.28686810465797	-1.109312525	2.11712	-102.74253012534945	1	28
살살걸음	49	ground	-0.294703	0.673517	1.651195	4.89375	2.9637608133740634	0.9370944456690021	1.2820765715562004	16.2988084555811	-0.6770433967741936	2.367103	-90.17475935710199	2	31
살살걸음	50	ground	-0.139303	1.48256	1.949855	6.59971	3.3847166149705417	0.8969206202057214	4.176260908587175	16.55720494831732	-1.4024215	2.9642	-79.99768325559785	2	28
살살걸음	51	ground	-0.642533	0.318934	2.2931600000000003	6.3547899999999995	2.771192253836516	0.9112925569756488	0.3326045714713498	20.416553907326453	-0.3801442580645161	3.745516	-36.26433901955051	2	31
살살걸음	52	ground	0.671142	1.46409	2.782263	5.536519999999999	1.989933377997199	0.7238989896151545	3.184520608083732	17.06526015490345	-1.250634547892857	2.0685700000000002	-113.49301296798399	1	28
살살걸음	53	ground	-0.695887	0.248695	1.829231	5.53635	3.0265980477052663	0.8927992998739346	0.18051178252162006	16.033369255599013	-0.2991749722580645	3.0352349999999997	-33.41839838963135	2	31
살살걸음	54	ground	-0.149533	1.03656	2.3504709999999998	6.09267	2.5921049048871887	0.8291829643090809	5.6735668793326	15.862585303241415	-0.9998655321428571	2.7109699999999997	-71.45178961735023	2	28
살살걸음	55	ground	-0.587166	0.558973	2.116827	5.3898399999999995	2.5461870307837953	0.8857655304226603	0.5680803453936	18.194143333971073	-0.5906788166666668	2.450287	-51.10867190748895	2	30
살살걸음	56	ground	0.194613	0.774163	2.59843	5.6201799999999995	2.16291292707022	0.8045566527492256	4.15284213251775	14.671868877939517	-0.6466484821428572	2.9305969999999997	-94.73894157323348	1	28
살살걸음	57	ground	-1.1253	0.686372	2.75055	4.92269	1.7897104980056722	0.8403947167508681	2.6682422161431005	17.79661010790553	-0.7338800303030303	2.219748	-38.633413640492996	2	33
살살걸음	58	ground	0.395071	1.38931	3.51592	6.53476	1.85861969026039	0.7794785435453598	4.876855863827	16.195534515866253	-1.2675118461538462	2.83847	-97.73956606597875	1	26
살살걸음	59	ground	-1.04697	0.700875	2.73755	5.357049999999999	1.9568767851265596	0.7695336677289084	3.2270924560315497	22.033597668448852	-0.725600703125	2.245745	-41.2490413914661	2	32
살살걸음	60	ground	-0.176081	1.19521	3.2600499999999997	5.18483	1.590413769600537	0.7666140461415605	5.414556585792999	13.68222672097409	-1.0702355862068966	2.2626099999999996	-76.64982076911842	2	29
살살걸음	61	ground	-0.615035	0.812856	3.16517	5.12734	1.6199251162101511	0.720042088366517	5.666662823051048	23.34461052371502	-0.8155202032258064	2.190514	-56.27886604032741	2	31
살살걸음	62	ground	0.626621	1.50783	3.19416	5.18742	1.6240321010744292	0.7344365514983958	1.3069916817836995	16.114865979651512	-1.4306628266666666	1.9782300000000002	-106.81294344564579	1	30
살살걸음	63	ground	-0.993973	0.521754	5.05507	5.18103	1.0249173552656332	0.5671066695919622	12.384785195253007	26.543779735236694	-0.56639115625	2.517286	-22.711570593674352	2	32
살살걸음	64	ground	-0.770465	0.250833	2.034032	5.38112	2.6455421323056214	0.904885038399939	1.9015931735606002	15.280509937094914	-0.19999405483870966	3.2821569999999998	-23.42698880495829	2	31
살살걸음	65	ground	-1.41792	0.401266	2.95622	6.0517199999999995	2.04711352770987	0.8010681695714875	8.386678101120296	19.952322328662486	-0.4731914545454545	3.3790739999999997	-18.971960185292737	2	33
살살걸음	66	ground	0.907174	2.16279	2.36841	6.1976700000000005	2.6168051068838984	0.8847400420400001	3.3144754183037	22.674752234242487	-1.9733527935483872	1.6210999999999998	-118.3902839010569	1	31
살살걸음	67	ground	0.581235	1.21083	4.00061	4.2453199999999995	1.0611679066022663	0.5616703176130632	4.304726185100703	24.292331090926112	-1.1073695852941177	1.7763399999999998	-104.89249913302291	1	34
살살걸음	68	up	-1.18675	0.914643	2.65117	6.58172	2.482570909232184	0.8646854506846845	5.3811836825837105	22.88755390733662	-0.5617465575757576	3.409687	-24.471133339052297	2	33
살살걸음	69	up	-0.144641	0.246004	2.54942	4.16252	1.6327315104096183	0.7064265118481616	2.8716689407193505	22.185616481067946	-0.4060054431818182	2.394306	-85.37047071044907	2	44
살살걸음	70	up	0.20589	0.75178	4.03307	5.5460899999999995	1.3751530781382224	0.7249729301935012	4.977374197701026	22.568957660995633	-0.8310931461538462	3.07693	-105.43003054737132	1	39
살살걸음	71	up	-0.191133	0.577175	3.7462	4.281000000000001	1.142757689723536	0.7335980631257744	5.663385064659701	19.794209763522893	-0.4993581926829268	2.223285	-59.17320749222285	2	41
살살걸음	72	up	0.502172	2.25205	3.6812419999999997	4.36182	1.1848769559629724	0.6188721539044275	3.4654120903669305	16.798900775604306	-2.2409913929411767	0.6488	-95.47672628891002	1	34
살살걸음	73	up	-0.425481	1.34806	3.556044	3.39564	0.9548923031064005	0.6662074703054033	2.1411526889384995	18.182621288465235	-1.315789405128205	0.76021	-64.87449953793387	2	39
살살걸음	74	up	-0.483738	0.821404	2.99024	3.9615	1.32480960564717	0.6786176647314183	5.87869997526875	16.899532170606825	-0.8863644411764706	1.7416660000000002	-56.98299599966395	2	34
살살걸음	75	up	-0.147214	0.508524	4.0838280000000005	6.21282	1.5213222688805037	0.7246262134143482	8.158290971063	23.186924273045967	-0.5198593333333333	3.8442659999999997	-47.58005135326401	2	36
살살걸음	76	up	0.230622	0.663917	3.7575200000000004	4.84967	1.2906567920711551	0.6460258562911143	7.073670578234842	20.42126442007003	-0.6905985631578947	2.360893	-122.36399916460557	1	38
살살걸음	77	up	-0.595907	0.0344515	3.299581	5.49062	1.6640350201934668	0.8136711662564229	5.536692541094452	19.771840986036203	-0.06834721621621623	3.1352485000000003	-4.053343882249262	2	37
살살걸음	78	up	0.315602	0.996126	3.46802	7.11708	2.05220210604261	0.848523148767803	10.364233768971951	22.05098997368629	-1.000954894736842	3.4592940000000003	-115.72689939222903	1	38
살살걸음	79	up	-0.980604	1.32979	3.3231400000000004	7.188899999999999	2.163284675552436	0.8001348176535885	7.860826346057349	29.223895331768237	-1.3811608136363636	2.9997299999999996	-59.056804190434285	2	44
살살걸음	80	ground	0.350593	1.82371	3.150585	3.8848900000000004	1.2330690227151395	0.7139030479851464	5.477819693150501	15.824945889688005	-1.752751429032258	0.46123000000000025	-82.70705699041575	1	31
살살걸음	81	ground	-0.0228126	0.963573	2.4702770000000003	3.65434	1.479323379797739	0.7383025213090698	2.1028596852577084	16.383800574537293	-0.9861931	0.858757	-59.483504150235746	2	34
살살걸음	82	ground	0.0471587	0.956895	2.523079	4.90874	1.945534822518509	0.6906431504299325	0.4970436487987001	17.116105391429926	-0.8056541906250001	2.810485	-59.411810072746626	1	32
살살걸음	83	ground	-0.215666	0.642094	2.512814	4.8169699999999995	1.9169616545587316	0.7682112672133168	4.750671473354249	18.94121499729134	-0.5602111187500001	2.763286	-116.25635275482946	2	32
살살걸음	84	ground	-0.467271	0.378815	3.1520360000000003	4.66012	1.4784471121373257	0.700087783989618	4.495484502937649	21.34320518404714	-0.2926493875	2.3780550000000003	-112.6721292054276	2	32
살살걸음	85	ground	0.557996	0.605125	2.8276860000000004	4.92907	1.74314554616547	0.7410293117168121	5.078700108822852	19.93313682696829	-0.4935014146341464	2.734625	-151.448513305981	1	41
살살걸음	86	up	0.357871	0.936558	3.06166	4.85124	1.5845124590867505	0.7675261213749698	6.637159706361099	20.13988745714253	-0.8830904594594594	1.8410119999999999	-121.67394595824238	1	37
살살걸음	87	up	0.354805	0.678792	2.398315	5.10891	2.1302071953820927	0.7657777296165533	4.15853497981	17.49612629494479	-0.6827211999999999	2.328708	-133.1270189493645	1	35
살살걸음	88	up	0.543528	0.572798	4.02102	4.33716	1.0786215739733764	0.6181954525133011	9.172138849816497	17.604999496787816	-0.6261260702702703	1.6669019999999999	-140.65258291055395	1	37
살살걸음	89	up	0.656044	0.933699	4.5978449999999995	4.39499	0.9558802099939842	0.623394725255935	3.1703121123602003	21.57490318315746	-0.9338829658536585	1.6649310000000002	-132.69815383596642	1	41
살살걸음	90	up	-0.690113	1.59229	5.634919999999999	5.48869	0.9740491481601962	0.6151682106330546	9.618919462097802	24.83590844542383	-1.489775	2.14093	-76.03445668132149	2	37
살살걸음	91	up	0.0916731	0.434463	3.6206609999999997	4.21766	1.1648864213229515	0.6325647012598108	2.6379272244758503	17.076278246850343	-0.4367432325	2.147817	-130.05392034530797	1	40
살살걸음	92	up	-0.611456	0.866175	3.2469799999999998	4.35672	1.3417756371226073	0.5448140509178007	2.423179792563528	28.206762013615172	-0.880158576097561	2.0530649999999997	-62.710306780240934	2	41
살살걸음	93	up	0.307386	0.47462	2.9324339999999998	4.83721	1.6495540395609791	0.7804760024976287	5.203917753621471	19.521880356328584	-0.5444697026315789	2.4658800000000003	-131.71547493229403	1	38
살살걸음	94	up	0.176234	0.887547	4.60252	6.12507	1.3308076160869227	0.6956466412310055	14.055271604301002	24.39093154399066	-0.882511175	2.542843	-110.17822810853269	1	40
살살걸음	95	up	0.213426	0.85767	3.4487499999999995	6.04647	1.7532347217876851	0.8056070654023495	5.051225608503704	22.90219790896311	-0.8744918486486487	2.5292	-122.9648908360626	1	37
살살걸음	96	up	0.374415	0.75508	4.58555	6.91319	1.5076029031189493	0.7190603794736727	14.770954148083781	26.582171396488658	-0.8103305511111111	3.21368	-114.41629667478335	1	45
살살걸음	97	ground	1.52112	0.51762	3.95252	5.64456	1.4280910841460426	0.6101613027712445	5.681851533301847	22.913220823291358	-0.48972841108108106	2.5514	-163.15085160194903	1	37
살살걸음	98	ground	-0.104045	1.21035	3.67485	5.93393	1.6147402983141357	0.7776620332485951	9.701398782765166	16.469599077010614	-1.1666362444444445	2.54902	-102.53751323607548	2	27
살살걸음	99	ground	0.849225	1.28204	4.72492	8.43934	1.7861335671009102	0.7177507571565414	3.8139500842760006	33.57078329841075	-1.318537575757576	3.8845799999999997	-125.4270264831087	1	33
살살걸음	100	ground	-0.440605	1.64847	4.62537	7.91891	1.7120594218280003	0.7704222983623975	11.830508920695848	21.532805270939832	-1.4000103111111113	3.62881	-84.54958333978414	2	27
살살걸음	101	ground	0.975386	0.576137	5.19576	6.05966	1.1662699650734512	0.581622196320028	3.9463654114899405	27.862693416230652	-0.692993909375	3.099313	-148.17491773819975	1	32
살살걸음	102	ground	-0.221967	1.93669	3.9219299999999997	6.69351	1.7066873435560188	0.7674306710990655	9.64962842258095	20.558282443814036	-1.7366943607142857	2.25147	-87.76917794169178	2	28
살살걸음	103	ground	0.901681	1.64391	5.5054300000000005	4.6403099999999995	0.8428604408991773	0.5020693664880272	6.867512433629251	26.604277389669104	-1.6814057272727272	0.4950700000000001	-131.8083305303459	1	33
살살걸음	104	ground	0.36935	0.588798	2.7929190000000004	6.5299	2.338018990876931	0.8593970682468319	3.780789913930147	20.663545521689638	-0.45239196551724137	3.770642	-153.56328167551123	1	29
살살걸음	105	ground	-0.582855	0.587939	2.6879	5.11868	1.9043409708914132	0.8130678269739272	1.5425827745318497	24.531630058738312	-0.5437554566666667	1.6189710000000002	-106.02853601350368	2	30
살살걸음	106	ground	-0.0773278	1.35536	5.49629	9.48359	1.7254526734483306	0.6948417750177681	17.162723432872358	32.495145519293395	-1.2201178599999998	3.5722899999999997	-53.617323316217735	2	30
살살걸음	107	ground	-0.330477	0.52443	3.8331500000000003	5.90578	1.5407115451491473	0.6550537104217297	3.4740133856336346	26.645583582727287	-0.5981422285714285	1.965	-45.86451775953824	2	35
살살걸음	108	ground	0.154499	0.973251	4.1752650000000004	6.11576	1.4647593710197144	0.6822914796969891	10.302943658044503	18.411844569091308	-0.8603498148148148	3.1319390000000005	-69.39381852207812	1	27
살살걸음	109	ground	-0.380739	0.400024	3.99787	5.11203	1.2786880817315016	0.63099245980536	10.2923261089615	26.131608746512665	-0.4146095212121212	2.1763459999999997	-28.77014385810435	2	33
살살걸음	110	ground	0.505616	1.80831	3.98242	6.72738	1.6892689145622726	0.8348700725979347	9.239428632238086	19.317875236459784	-1.664247151851852	2.75628	-94.70917308787054	1	27
살살걸음	111	ground	-0.708458	-0.0793223	3.6985	6.7617899999999995	1.8282514997292143	0.7183724031967592	11.160397318601799	25.687692609578704	-0.051208939393939376	4.4308023	-2.6972685000895513	3	33
살살걸음	112	ground	0.238688	0.790558	3.539509	8.21901	2.322075654539753	0.82392429571403	10.218332169234559	23.017755385674796	-0.6524796156249999	4.3636420000000005	-63.02427302147673	1	32
살살걸음	113	ground	-0.332547	0.585308	2.888089	3.5137	1.2166172106824926	0.6480185556580564	2.4184867892715616	21.536484750173795	-0.8183986115384616	1.2752119999999998	-39.92258437568423	2	39
살살걸음	114	ground	0.580641	1.32268	3.1861699999999997	5.63384	1.7682164579365014	0.8127431145032907	2.059652027419419	23.158560070825065	-1.2258802864864866	1.53571	-118.1006754163143	1	37
살살걸음	115	down	-0.0951766	0.548826	4.21028	5.6754999999999995	1.3480097884202977	0.7286562111989083	0.4296253567581793	27.975379112857535	-0.526699385	2.316644	-79.38232798074397	2	40
살살걸음	116	down	0.135444	1.22865	3.43361	5.90331	1.7192716356046158	0.8123152246137213	3.0434412041003	26.820287200632183	-1.3579807868421052	1.4976500000000001	-95.03960219241897	1	38
살살걸음	117	down	1.03489	2.43811	3.39841	7.79036	2.2923536911809665	0.9304501005048122	1.4554961907969488	22.991318703986337	-2.3203066764705884	1.9345100000000004	-111.70818190341835	1	34
살살걸음	118	down	-0.750521	0.599324	2.96382	7.08228	2.3895775082233373	0.8923333778573955	0.6106632725210508	26.590658523009044	-0.48898094285714283	3.1060559999999997	-28.945369184871403	2	35
살살걸음	119	down	0.968507	2.12338	2.97337	8.44207	2.839225242998603	0.9130037877762687	1.9562867908139983	25.576781414807865	-1.9881061612903226	2.6581099999999998	-108.7607610704877	1	31
살살걸음	120	down	-0.566216	0.477043	3.47192	5.1411	1.480765259347779	0.7845384311771197	0.96855256289495	24.449525906017058	-0.3932889131578947	2.3230969999999997	-34.59876252384409	2	38
살살걸음	121	down	0.110408	2.13395	3.1298	5.94571	1.8997086396227747	0.821463620556427	6.389354929105961	25.380847562386258	-2.0978187376470587	1.47709	-87.68969582238952	1	34
살살걸음	122	down	0.390841	0.759747	3.39683	5.78669	1.7035554609575807	0.7536901174970547	4.276844204690973	20.556624497924318	-0.695083857142857	2.830723	-120.94250217426901	1	35
살살걸음	123	down	-0.618151	0.984042	3.6114110000000004	5.16741	1.4308558536107205	0.7742840760440661	5.11753594856775	25.18744251815715	-0.8808400485714285	2.293978	-49.863609608007415	2	35
살살걸음	124	down	0.703533	3.27802	4.54617	6.2588799999999996	1.3767365987773006	0.6463032610863294	5.995595191481101	21.105454008378086	-3.1944595500000004	0.9278599999999995	-98.91820133352789	1	32
살살걸음	125	down	-0.212661	1.66888	3.53575	2.75737	0.7798541243430319	0.34736722999044206	2.495508054044299	19.441993430149783	-1.2024800972222223	0.0	-57.760313348469445	2	36
살살걸음	126	ground	0.404245	-0.0790403	3.059599	3.5266800000000003	1.1526604784939207	0.6864540941612498	6.145547315570309	18.58636523735535	0.039228174358974355	2.2624303	170.88502888003393	4	39
살살걸음	127	ground	0.143501	1.682	1.977145	5.69029	2.8780322748041876	0.7915116172740017	0.3549494254685995	20.909369426613015	-1.7786499242424243	1.96284	-83.86429812490887	1	33
살살걸음	128	ground	0.912083	0.853015	2.9931229999999998	6.12669	2.0469215441792588	0.8446819691032452	4.802131941941248	18.428488918048856	-0.7685752205882352	3.797415	-145.03440344206513	1	34
살살걸음	129	ground	-1.41738	1.45506	2.88897	4.80635	1.6636892512939727	0.6299738321690789	2.797364537852249	25.18942383080344	-1.694070885	1.1855799999999999	-67.50904630226805	2	40
살살걸음	130	ground	0.73059	0.0905574	3.9006100000000004	3.77328	0.9673561398457831	0.4685193947272122	3.9961680215567688	26.199227974006703	0.03930444844444446	2.2254226000000004	177.48573051806136	1	45
살살걸음	131	down	-2.16228	2.31598	3.471599	4.400180000000001	1.267478972231824	0.6026229934444526	5.422035117707489	21.39416857581116	-2.4293391358064516	0.0	-50.545809609874055	2	31
살살걸음	132	down	0.730182	0.493607	3.61476	4.91027	1.3583940957645608	0.6967893390178383	2.1334534990127	22.48395912144635	-0.49394535135135137	2.512483	-149.8592695391605	1	37
살살걸음	133	down	-1.9723	2.4502	3.78907	5.5668299999999995	1.4691807041884406	0.7835634144043249	4.46810288394413	22.028362022560774	-2.360771459375	1.0293299999999999	-53.07949626973188	2	32
살살걸음	134	down	-0.813678	0.715571	4.024290000000001	5.18824	1.2892308235164902	0.6657128172361075	1.1551478067049998	28.428022488120646	-0.6781715294117646	2.7491390000000004	-41.885660991899215	2	34
살살걸음	135	down	-1.76612	3.03731	3.2863059999999997	5.96644	1.8155455348511265	0.8234963943486707	5.57949572000759	24.048888857184554	-2.964717661764706	0.4626199999999998	-62.64112819887196	2	34
살살걸음	136	down	0.414355	0.509047	2.4922500000000003	5.335	2.140635112594999	0.8779279800189353	3.936556797031699	22.775914009362978	-0.5575573235294118	2.047573	-126.30236915496384	1	34
살살걸음	137	down	-0.184386	2.55662	2.459998	7.068989999999999	2.873574338851357	0.9343472542174561	8.171248549877951	24.53598775221182	-2.5806471875000003	1.2106599999999998	-89.61753043137416	2	32
살살걸음	138	down	-0.495748	2.84212	3.8083099999999996	7.6863399999999995	2.018306803199634	0.8680787148525624	0.5736831516575	23.04113190760825	-2.638134612903226	1.86844	-81.74592473504823	2	31
살살걸음	139	down	-0.928648	1.68369	2.256782	6.47072	2.86723180740018	0.9048951295354217	0.8204477765311257	19.279601156907304	-1.454654532142857	1.6586700000000003	-65.15190179330223	2	28
살살걸음	140	down	0.102701	0.648643	4.07597	6.31524	1.5493829568463564	0.697976101707193	2.865761053821899	28.331333584704847	-0.7109483999999999	3.1941170000000003	-75.50888199464308	1	35
살살걸음	141	ground	-0.123905	3.84276	3.212824	6.85168	2.132602927330309	0.8150398022952091	5.353440313282951	19.584111544404088	-3.07967284	0.8067599999999997	-96.05984113633988	2	25
살살걸음	142	ground	-0.853732	1.34795	2.123629	5.32674	2.5083183040360133	0.8692061742747016	4.155848778792599	16.03137409249871	-1.27120445	1.4742600000000001	-53.5340069459421	2	28
살살걸음	143	ground	0.720408	0.50399	3.47697	5.6357099999999996	1.6208677035270065	0.6795156236394675	11.097857589244649	26.417977643549218	-0.6094609463636365	2.04507	-129.10655039754732	1	33
살살걸음	144	ground	0.486834	0.269683	3.36634	5.77112	1.7143598940214313	0.7875530963311747	7.424148037760079	21.023655565410834	-0.15950869666666667	3.1340269999999997	-163.39860923629377	1	30
살살걸음	145	ground	0.55454	0.721755	5.75971	7.11975	1.2361297294256604	0.6538209919596439	3.2697575992435013	36.44293297265644	-0.7921318214285714	2.851015	-131.95970523082704	1	28
살살걸음	146	ground	0.768283	0.7072	6.2571699999999995	6.8987	1.1025270046159839	0.5287826796521372	8.903635278856608	28.772411423394775	-0.7484718855882353	3.62425	-135.43469658055753	1	34
살살걸음	147	ground	1.09332	1.41495	5.09852	10.20969	2.0024807194086285	0.775132488275564	10.453939278952484	27.749851787916118	-1.3892355033333332	4.78881	-134.50683487622496	1	30
살살걸음	148	ground	-0.298546	0.814155	4.61699	5.09149	1.1027723467513797	0.46421680900970536	9.03021412032806	21.887888535683327	-0.7595889962962963	2.377205	-87.42885495200072	2	27
살살걸음	149	ground	1.30322	0.670033	2.7773000000000003	5.96119	2.1463968075480473	0.8499951750947236	5.83234622467721	20.519450114163234	-0.854462408	2.606897	-148.09519122015055	1	30
살살걸음	150	ground	0.807271	0.627349	5.59992	8.3125	1.4843959405855904	0.7012161395534481	14.261495698920301	24.987172654307365	-0.5052678214285715	4.836451	-155.3099830622422	1	28
살살걸음	151	ground	1.22332	1.17716	2.70979	7.137930000000001	2.6341256576614214	0.893592752381999	1.6869005661887972	22.60885554779518	-1.184313748275862	2.9135300000000006	-134.1345795450472	1	29
살살걸음	152	ground	0.340386	0.493072	4.204213	7.388590000000001	1.7574248123430445	0.7652170005139011	10.9327444872515	23.16200694097437	-0.4140143103448276	4.4677180000000005	-148.77205970384537	1	29
살살걸음	153	ground	0.542607	0.834565	1.760497	6.3855699999999995	3.6271384574137544	0.9452443142478639	0.004180373559405648	22.319609431876202	-0.8913956129032258	2.652515	-120.3533541458792	1	31
살살걸음	154	ground	0.48376	1.26067	2.95683	7.34314	2.4834493415416707	0.8358415960295366	9.507061343973998	18.77263993371865	-1.173983925925926	3.83749	-111.96913873183348	1	27
살살걸음	155	ground	0.924823	0.718734	1.1547049999999999	4.1061060000000005	3.5559752872159676	0.923759648819366	2.102229931278	7.103852418000614	1.6447894	4.1061060000000005	109.91390904415543	1	10
거칠게걸음	1	ground	0.261695	1.92507	1.4633340000000001	2.6205201999999996	1.7907862519518767	0.7981332193783525	0.6164026791583801	8.863264783510353	-0.7520112142857143	0.6403899999999998	-115.14220824790601	1	28
거칠게걸음	2	ground	-0.707624	1.22247	2.173819	2.59605	1.1942341132200458	0.551696691749938	0.48764815575999976	14.477588570731172	-0.2493377499999999	1.03978	-68.57835694866456	2	32
거칠게걸음	3	ground	-1.55918	1.45775	7.10904	5.64401	0.7939200238119318	0.44744949662048517	14.41056981807345	37.502135379315064	-0.7338709305555556	2.69705	-25.350712590941033	2	54
거칠게걸음	4	ground	-1.65508	1.92093	2.9140699999999997	6.325240000000001	2.1705854112682914	0.7271171984620761	1.1008513970907008	25.516664362019583	-1.6649189366666666	1.8644200000000002	-53.05897514266516	2	30
거칠게걸음	5	ground	0.848008	1.3119	4.3907	4.29294	0.9777345348726775	0.48184872648206734	7.689356192379849	19.087603527551444	-0.8384297206896552	1.3253	-121.4700665226029	1	29
거칠게걸음	6	ground	-0.730417	1.45947	3.42807	7.079929999999999	2.06528102831009	0.8035307149249924	7.745221632259998	24.700777587260287	-1.1796489032258064	2.7411999999999996	-55.10111047728982	2	31
거칠게걸음	7	ground	1.57322	2.41598	5.32344	9.31229	1.7492989966452153	0.7821681031895513	5.81952265245095	22.800403187275975	-1.918017196296296	2.71759	-125.62467344286969	1	27
거칠게걸음	8	ground	-1.30215	2.8673	5.9875	9.56434	1.597384284361706	0.8103202358875936	4.3262609136654975	32.01583325599931	-2.71139478125	3.06891	-59.39655584927737	2	32
거칠게걸음	9	ground	4.49465	5.93621	12.56267	16.56381	1.3184942915403899	0.6433108573549564	4.888639673903501	39.94846723827444	-5.3634255159999995	6.2758899999999995	-129.16285982841893	1	25
거칠게걸음	10	ground	-1.16939	3.64742	6.3591	10.14463	1.5952931082553965	0.7850511700163508	24.05939253988565	34.328543357379864	-3.277456533333333	3.07978	-66.74600090566709	2	30
거칠게걸음	11	ground	1.78359	6.7272	7.60896	16.38862	2.153857800033408	0.835019600922924	9.339230907863048	38.65479161196411	-6.168235565	4.5983	-102.656586711359	1	26
거칠게걸음	12	ground	-2.50094	1.20787	6.16885	8.07559	1.3090914337208015	0.6561531166473029	32.6103518717285	36.80740012100085	-1.0636855757575758	3.8497900000000005	-23.26209474644721	2	33
거칠게걸음	13	ground	2.10493	3.76187	10.67118	10.940719999999999	1.025258591340546	0.563468503281163	6.228737746047502	34.97610040491578	-3.278225636	4.609629999999999	-122.37614060195402	1	25
거칠게걸음	14	ground	-1.0902	1.67812	8.27199	9.11391	1.1017794869457669	0.6135142771609127	9.630166405737027	33.9071299458458	-1.4176074250000001	4.44678	-44.361681274404134	2	32
거칠게걸음	15	ground	2.04844	0.91094	7.61475	5.668990000000001	0.7444747700876891	0.4112842805990253	10.981866719562596	46.556137851042706	-0.8246183245283019	2.49358	-157.0738579482875	1	53
거칠게걸음	16	ground	1.04901	2.27204	6.0447	6.84163	1.1318392754248723	0.6129014563047581	5.3307148179665	21.559947507183722	-1.77484624	1.9101700000000004	-119.55647045479228	1	25
거칠게걸음	17	ground	-0.844984	2.95476	3.73686	5.54812	1.4847006618656673	0.7866046025157044	5.780012149823677	22.908807298564742	-3.10744752	0.0	-74.08268801351714	2	30
거칠게걸음	18	ground	0.814066	2.3062	7.244719999999999	8.64956	1.1939120913006864	0.6244192194826578	11.724658169957397	28.387998059949048	-2.0112339615384616	3.4835	-114.9547447078478	1	26
거칠게걸음	19	ground	-1.45864	2.78462	4.887169999999999	6.71369	1.3737374853468398	0.7920080395708231	11.135954485471801	22.493095131916043	-2.781231603333333	1.0100700000000002	-60.558168726362844	2	30
거칠게걸음	20	ground	0.583903	1.86879	7.032760000000001	8.90158	1.2657304862201344	0.6176636042649557	9.719135709872827	29.081846804936255	-1.7706726614	2.941	-100.34945341092242	1	25
거칠게걸음	21	ground	-0.978126	2.62799	7.177160000000001	5.96666	0.8313398570827657	0.5313134587648003	15.187950222210848	33.76919668148189	-2.4773058636363636	0.5638299999999998	-71.19386043483844	2	33
거칠게걸음	22	ground	-0.459661	0.919915	8.84907	12.322550000000001	1.3925247068308078	0.6246646166585281	3.07521133518702	38.12151729855462	-0.7410635640000001	7.564955000000001	-74.44884215094636	2	25
거칠게걸음	23	ground	-1.42305	1.03025	7.50747	11.385269999999998	1.5165253385594162	0.6062578217842833	4.0839952453752515	50.20533752848056	-0.9655553818181819	5.434799999999999	-33.04169527523171	2	33
거칠게걸음	24	ground	2.33512	3.37221	8.2093	10.521560000000001	1.2816633231014432	0.6319798072207335	19.096939853497503	29.652489219635626	-2.8624905	3.55089	-126.32905278839671	1	24
거칠게걸음	25	ground	0.304853	2.30868	5.59061	4.956099999999999	0.8865041763771436	0.5670021703664286	14.222788305373076	29.933777629948032	-2.5423799906249998	0.0	-98.4840938089543	1	32
거칠게걸음	26	ground	0.602973	2.05095	7.60942	10.79365	1.4184587762984857	0.6857324142141487	11.31237018694915	34.8748402647081	-1.63127392	5.294130000000001	-111.85575855126983	1	25
거칠게걸음	27	ground	-1.11099	0.308942	6.90364	11.114180000000001	1.6099012101005832	0.7362959074957298	7.415887460777354	51.969410139688065	-0.5193196360000001	4.461308	-19.60077437781574	2	25
거칠게걸음	28	ground	-0.141983	-0.974251	6.66547	10.04562	1.507113300770493	0.7024148824298898	12.76898405850925	47.91629234026917	1.0438481	6.973110999999999	101.26298132460147	3	30
거칠게걸음	29	ground	-2.29464	0.926363	4.61603	10.343900000000001	2.2408645002600722	0.8113651546406966	10.5572309899598	31.73697153257592	-0.8975813214285714	4.499657	-21.798520267336034	2	28
거칠게걸음	30	ground	0.976731	0.926345	7.643890000000001	12.171570000000001	1.5923264735198344	0.6931632845493638	13.074888430463004	43.22854760687687	-0.8037401034482758	7.367885000000001	-148.27707320328724	1	29
거칠게걸음	31	ground	-2.10156	2.15111	5.57056	8.811160000000001	1.5817365611829761	0.7251258544726367	8.453539617206	32.38468699047522	-2.1396407272727274	1.9858000000000002	-45.28094793580075	2	33
거칠게걸음	32	ground	0.329032	0.723147	7.985200000000001	11.526720000000001	1.4435103136414473	0.7091779081644163	1.5944710608140027	33.27357076501911	-0.38780255999999996	6.352943	-138.99405393083458	1	25
거칠게걸음	33	ground	-1.28749	2.04477	4.572010000000001	8.190159999999999	1.7913692683591527	0.7223638357090721	1.1988197122209743	25.942525641664744	-2.22955219	1.4837599999999997	-59.78076624115964	2	30
거칠게걸음	34	ground	-1.21482	0.403124	6.276960000000001	8.66909	1.3810966803840266	0.6645637563020812	9.774358728428505	26.196101798493125	-0.36624303999999996	5.335026	-17.341931550761103	2	25
거칠게걸음	35	ground	-1.91623	0.437783	3.47766	8.62518	2.480166985798788	0.8663925183166359	6.136354933443101	24.136824996983535	-0.4084677333333333	4.681697000000001	-12.005901565354726	2	30
거칠게걸음	36	ground	0.355422	1.70262	6.114269999999999	10.81318	1.7685150036692845	0.8054008482941278	3.006785345408999	30.673913454299502	-1.4843412142857144	4.756169999999999	-105.67934378322131	1	28
거칠게걸음	37	ground	-2.2329	1.76238	3.9465899999999996	6.9752600000000005	1.7674139529533213	0.7932132449339379	2.524502429259975	24.389419614678644	-1.8150609806451614	1.8533600000000001	-40.2981807224534	2	31
거칠게걸음	38	ground	-0.309054	0.231113	6.54556	11.524370000000001	1.7606390040517537	0.7463876127359066	4.6641532606680025	31.542157447493405	-0.363722844	7.508047	-69.88837858235063	2	25
거칠게걸음	39	ground	-2.28246	0.601617	6.80358	11.77203	1.7302696917990688	0.8071829466595971	4.930321681172347	32.45605684684505	-0.4655357714285714	7.611083	-9.717861913577654	2	28
거칠게걸음	40	ground	0.283899	1.56652	6.457179999999999	9.28594	1.4380795582468575	0.6631966461693101	1.5142799494479984	30.27180389946018	-1.322756551724138	3.92811	-108.09840838192348	1	29
거칠게걸음	41	ground	-1.62552	1.51557	4.02037	7.26679	1.8074923931149638	0.7909887242701744	8.4087172259415	23.879963610204797	-1.8330036785714288	2.58636	-46.94129630473895	2	28
거칠게걸음	42	ground	0.737626	3.8427	5.25107	10.40345	1.9812053579165085	0.799716509736558	7.6785153766365	26.836067560372857	-3.532007885185185	2.6135099999999998	-103.71402761903093	1	27
거칠게걸음	43	ground	-1.76452	1.79615	4.6442	10.4988	2.2606256705943606	0.8323923890401386	8.3745549671941	32.39157088115328	-1.7877214468749998	5.60771	-44.107330234068165	2	32
거칠게걸음	44	ground	1.43666	1.20692	8.74486	15.08903	1.725473966938983	0.7174273034848986	15.674585995415507	37.9292754044262	-1.283123936	9.33678	-139.31735733488853	1	25
거칠게걸음	45	ground	-1.19985	3.21999	4.60025	10.74378	2.33547691202067	0.8747397752410165	10.183289856258	30.265253333976716	-2.991695448275862	4.02659	-63.277153994619496	2	29
거칠게걸음	46	ground	-0.116615	2.91526	4.21817	11.144029999999999	2.641910439382377	0.8557124822561877	11.295946299167605	27.52982499391362	-2.614018946153846	4.40802	-87.40803399560606	2	26
거칠게걸음	47	ground	-0.203389	4.01269	2.9944699999999997	9.63771	3.2185016986305763	0.9204300417255583	1.6420755194064	29.52604250997153	-3.85919778	1.66486	-86.72140351237843	2	30
거칠게걸음	48	ground	1.70296	4.74714	6.9341	10.35581	1.493461084573184	0.7555967295855855	6.337650335646449	32.63212285731259	-4.615486380769231	1.48773	-110.49262672631605	1	26
거칠게걸음	49	ground	-1.9466	2.03452	5.209339999999999	6.1983	1.1898433986179826	0.6772363650111111	0.2578731662950004	36.08339071589186	-2.1033285625	1.3657399999999997	-47.62351596961356	2	32
거칠게걸음	50	ground	-1.50141	-1.03581	7.00156	7.48678	1.0693015457552966	0.6157982280499191	13.948914229054598	29.789016380172313	1.0792053076923076	5.8323	39.67629657998798	3	26
거칠게걸음	51	ground	-1.82476	0.727745	5.770429999999999	5.36878	0.9303949739629502	0.5397330794110958	0.11135404293279999	31.691222187061012	-0.6140479514285714	2.8956749999999998	-17.806262831015747	2	35
거칠게걸음	52	ground	3.74774	2.97157	8.79737	8.28346	0.9415835708190549	0.49663105772659677	0.4757055975964968	25.68499861957711	-3.171584860869565	1.9404400000000006	-143.06247122062607	1	23
거칠게걸음	53	ground	-3.40255	-1.91088	10.66842	12.96774	1.215525709006047	0.7054865177982884	11.526402609474998	56.577828789627254	1.93372578125	11.21921	27.644250028519448	3	32
거칠게걸음	54	ground	7.26587	8.64739	12.07309	15.783819999999999	1.3073553408982006	0.7096055160431738	15.552363450918007	35.48483802109748	-8.459415416666666	3.09131	-130.37503257683076	1	24
거칠게걸음	55	ground	-2.33092	2.45949	13.151319999999998	20.55605	1.5630407013865757	0.6501390490822603	110.94775653824358	77.89340655409137	-2.435366605714286	12.00701	-43.42777104646085	2	35
거칠게걸음	56	ground	5.71202	14.4665	8.266960000000001	18.04514	2.1828021203922456	0.8370958978091652	4.682531866031504	33.24643972948213	-13.325621260869566	0.5551999999999992	-113.44247109661347	1	23
거칠게걸음	57	ground	-0.624497	-0.619913	9.452639999999999	10.18309	1.0772745944757662	0.4828794005127306	24.866042748318392	83.29021360144979	0.5939531222222223	7.399013	50.27995948615732	3	54
거칠게걸음	58	ground	-1.26288	0.679091	5.91279	8.36431	1.414612828358046	0.4991645318595813	0.22059559274890106	36.91937028435774	-0.9088136470588235	3.3348089999999995	-32.839205360740934	2	34
거칠게걸음	59	ground	0.0212642	0.761001	4.42395	11.520439999999999	2.604106600638208	0.8386271788478837	25.387230346272602	37.26927945966817	-0.6699326666666667	7.356138999999999	-71.21440934407926	1	24
거칠게걸음	60	ground	-1.05165	-0.439429	5.39016	8.423580000000001	1.5627696463983174	0.6527149546679432	25.742013722919506	42.86928326301186	0.29469861764705885	4.965999	8.869283991894834	3	34
거칠게걸음	61	ground	0.488737	4.52657	5.3018	11.96919	2.257570587805917	0.8301499925645708	20.446907584352758	36.16308095238675	-4.048784448275862	3.996579999999999	-91.6063649264456	1	29
거칠게걸음	62	ground	-0.532999	1.68379	3.40238	7.7978000000000005	2.291865608231412	0.7809933990095508	9.825381473135	24.93260386040403	-1.8784377933333332	2.95796	-87.59251168026695	2	30
거칠게걸음	63	ground	-1.7183	1.18348	4.55863	10.23084	2.2442790390360616	0.773330994643593	9.112410936316003	25.262784778005244	-0.9293185000000002	5.35734	-51.30367053721686	2	26
거칠게걸음	64	ground	0.578945	1.00928	2.069938	5.93269	2.8661182769154063	0.9197394757868761	2.6958713235233995	23.652554587099818	-1.1212521966666666	2.12713	-126.59759230914239	1	30
거칠게걸음	65	ground	-0.382184	1.21433	3.779907	6.688370000000001	1.7694531189648004	0.6824547355973561	0.06782388013354135	28.0805826723906	-0.7782328092857143	3.5749800000000005	-125.4008340930641	2	28
거칠게걸음	66	ground	0.894347	1.45791	2.74968	8.30893	3.0217796173447025	0.9229421457686051	7.722999780673202	30.721675512515095	-1.3502235312500002	3.04814	-113.40832158351398	1	32
거칠게걸음	67	up	-0.476251	2.44761	3.279618	7.81286	2.3822462304310346	0.874039250962523	7.401205084407198	25.06137020776772	-2.39556280625	2.4943999999999997	-93.66498042714213	2	32
거칠게걸음	68	up	0.431283	3.40697	1.8128160000000002	6.45979	3.563398842795494	0.963932091576638	2.41917399603875	21.171532598590733	-3.312045344827586	0.8212899999999999	-91.6952832358392	1	29
거칠게걸음	69	up	-0.718036	3.01366	3.81383	8.63907	2.2651947608585696	0.9031827400190856	4.649619287423002	23.951942844301367	-3.201648774193548	1.5534499999999998	-95.0497143282992	2	31
거칠게걸음	70	up	1.79154	4.17934	2.908809	13.87903	4.771377298620398	0.9510332523369912	8.87510656209595	31.208763565409956	-4.112460648620689	5.02585	-107.20653820797611	1	29
거칠게걸음	71	up	-0.655069	3.02685	3.10475	11.93083	3.842765490694745	0.9607751065580847	14.053123548001	28.661059292231915	-2.818860892857143	3.4995499999999997	-89.26240553622526	2	28
거칠게걸음	72	up	0.603695	4.43472	3.69559	11.69125	3.163567072222007	0.9451451383462506	4.495724056996201	30.791792016324226	-4.622085733333334	2.4216599999999993	-93.03020876976063	1	30
거칠게걸음	73	up	-1.33434	2.58475	1.825868	13.51671	7.402891445114627	0.9822021414969477	7.798238289461082	30.948837121576197	-2.04299328	7.23288	-69.42322745526305	2	30
거칠게걸음	74	up	-0.164291	2.3063	3.54881	8.71102	2.4546305790869107	0.9248852651202881	11.3018449196439	26.371609425207954	-2.469023251612903	2.72594	-74.40366020313297	2	31
거칠게걸음	75	up	-0.541802	0.0837523	2.059937	11.58319	5.623077005230254	0.9655151439272724	1.9149743901300476	27.30163759896258	0.15275188275862064	7.5342477	148.8976652791992	2	29
거칠게걸음	76	up	0.144577	1.825	2.234048	9.00665	4.031536461375735	0.9777953538965274	3.4696515682660194	24.090783821777006	-1.9704109096774194	2.87725	-82.06419261792126	1	31
거칠게걸음	77	up	-0.339727	0.703404	2.089912	8.61995	4.124549682211652	0.9557975420539448	1.7675940099252483	33.383062023454634	-0.80869022	4.761156	-120.65345569918456	2	35
거칠게걸음	78	ground	-1.04567	2.56046	3.91491	6.69174	1.7092955625300295	0.7552908758726138	4.3291076008657505	27.43485653721027	-2.268247025	1.5513700000000004	-70.36864817462308	2	28
거칠게걸음	79	ground	-1.58624	2.04258	5.41073	8.29084	1.5322957286178152	0.721519578232685	25.497324995535998	40.92591453821521	-2.050143710714286	2.20237	-63.51524552451969	2	28
거칠게걸음	80	ground	-1.13187	2.58076	5.50501	11.64102	2.1146224775935956	0.764106542634203	1.0901347479043388	39.92130050826235	-2.63472325	3.9658899999999995	-62.21436857156959	2	34
거칠게걸음	81	ground	0.417244	3.04847	5.78543	10.52993	1.8200770175981704	0.7764399945864365	10.622660490390876	29.158774233990705	-2.6824701925925925	4.0644	-74.88024159640693	1	27
거칠게걸음	82	ground	-0.614025	1.37193	3.1382570000000003	7.3045	2.327565165133013	0.8873122508366171	8.836542518625	33.32276383507465	-1.2207131	3.53615	-43.24551084859094	2	30
거칠게걸음	83	ground	0.866966	4.16705	3.132051	6.72813	2.1481539897805018	0.8405777471643391	1.8472960852167994	24.62118599242411	-3.75711505	0.15108999999999995	-94.16245465709099	1	24
거칠게걸음	84	ground	0.345406	1.46411	3.30675	7.68707	2.324659461810097	0.8733545302673598	6.3600468079008	28.655115977399245	-1.4513812575757576	3.34077	-118.64181853790642	1	33
거칠게걸음	85	up	-0.548024	0.385016	2.4062449999999997	8.50207	3.5333336658014187	0.9325404433267306	2.5229275973100904	22.004882623224574	-0.4233542366666667	4.130313999999999	-24.952212530754377	2	30
거칠게걸음	86	up	0.0588788	1.56098	3.67224	6.7758199999999995	1.84514578427723	0.8197709095312857	15.062279469791601	22.913656247338576	-1.301536448275862	3.0276199999999998	-114.26309615521639	1	29
거칠게걸음	87	up	0.240368	1.33096	2.81456	9.54487	3.39124645015688	0.9427249313674722	1.6654446310797981	26.223610870458906	-1.3926147777777778	4.51927	-92.77492940114823	1	27
거칠게걸음	88	up	-0.496061	2.09402	3.7935600000000003	7.28501	1.920361897436208	0.8924730066835657	10.716703487482919	23.763245667526657	-2.19325224	2.00886	-84.5531183802104	2	30
거칠게걸음	89	up	1.41023	4.10288	3.2353899999999998	11.2271	3.470090632013256	0.9551306124821166	6.035484249492301	26.5946884522682	-4.062552592592592	1.86287	-107.13095033987095	1	27
거칠게걸음	90	up	-1.52175	3.88243	2.7600320000000003	8.7457	3.1686939974993047	0.9473936110143948	3.1334331118803505	20.758747503846237	-3.797855620689655	0.6832400000000001	-78.15051720854092	2	29
거칠게걸음	91	up	-0.972719	1.63788	2.598319	10.6342	4.092721450783583	0.9540696840747906	7.847770401711842	25.68225257098581	-1.4224853571428573	5.39436	-45.45188417682244	2	28
거칠게걸음	92	up	-0.680715	2.748	1.8826770000000002	9.60111	5.099709031496624	0.9702476330229894	2.6308714551865005	24.186485954107916	-2.8834254642857142	1.99885	-83.1257693919347	2	28
거칠게걸음	93	up	-0.794764	1.70204	3.103088	7.47907	2.410201576558068	0.8892286722945696	11.635195141618501	19.044080986923614	-1.462770806451613	3.15442	-46.64567987064372	2	31
거칠게걸음	94	up	0.141895	1.18097	2.637266	7.23234	2.742361694890961	0.9445966696042812	5.428519884490969	25.358068814905838	-1.1501031096774195	2.8949499999999997	-113.1573328962179	1	31
거칠게걸음	95	up	0.320274	2.5999	3.025958	9.48647	3.1350292584929274	0.9450366632185161	6.247897668015848	27.510379421530477	-2.78443519	3.14396	-83.07866578325755	1	30
거칠게걸음	96	ground	-0.785422	2.60264	2.64987	8.75003	3.302058854940486	0.8750177474560146	0.9807723853679998	24.536824783026095	-2.2501528375	1.2527599999999999	-83.33059645837106	2	24
거칠게걸음	97	ground	-1.34904	-0.330842	3.58243	7.92207	2.21136708564659	0.8650722286234016	9.4135893042514	28.274311713985597	0.15576875	5.155831999999999	4.685183783860726	3	36
거칠게걸음	98	ground	0.866467	1.72877	5.706440000000001	10.10625	1.7710250574745272	0.756556432398467	26.167463560630548	35.30296092571959	-1.677492621875	3.9406100000000004	-119.70673889059407	1	32
거칠게걸음	99	ground	2.06665	0.544372	7.28154	7.87818	1.0819385621807254	0.6097246622362772	12.157302632859999	30.553451778207428	-0.18262619999999996	3.737038	-174.0106455439673	1	25
거칠게걸음	100	ground	-0.130486	2.50494	7.409929999999999	9.06552	1.2234283962968076	0.5846049342492452	28.214833045631924	37.25298098982506	-2.4944586650357143	2.8794600000000004	-92.13633812250278	2	28
거칠게걸음	101	ground	1.66165	1.32152	7.25597	8.31164	1.145489693936208	0.5925585066616269	9.64927890284405	37.4231903371474	-1.2417544586206897	3.8243699999999996	-150.91725143937418	1	29
거칠게걸음	102	ground	-0.181458	2.13954	7.52533	8.94145	1.1881802939963704	0.480252223086704	38.908012388029704	43.09484599909037	-2.018450193548387	2.50141	-114.47905250760803	2	31
거칠게걸음	103	ground	0.308414	0.482226	4.643398	10.876169999999998	2.3422863294754546	0.7653027947664887	25.986739194531992	33.61169671756569	-0.45991160000000003	4.990054	-164.02582743501813	1	25
거칠게걸음	104	ground	-0.974606	0.899809	3.82158	7.02358	1.8378728594265044	0.7180759662614118	5.579891184785849	27.77303206071544	-0.9153192454545453	2.357321	-36.41365493810971	2	33
거칠게걸음	105	ground	1.33304	2.98863	6.6648499999999995	6.6266300000000005	0.9942652881512282	0.5585373958057309	21.212957840632725	27.286490499170455	-2.90999046	0.2683399999999998	-95.62116709553717	1	25
거칠게걸음	106	ground	0.0447812	1.04083	5.280035	6.10848	1.1569012029463437	0.557669947311722	19.806494013815392	26.509616232598944	-0.9561177309090908	2.33896	-61.15658022830598	1	33
거칠게걸음	107	ground	-0.231355	0.672374	3.97627	5.24179	1.3182677941216783	0.7095272749411178	1.9802485803751497	21.058382759301125	-0.5954127777777778	2.049046	-99.63553508679117	2	27
거칠게걸음	108	ground	-0.693203	2.58285	2.5156	6.02785	2.3961868356706804	0.8904959144525659	6.770654613032109	18.947844819700443	-2.6359252413793106	0.5294699999999999	-72.8579372590264	2	29
거칠게걸음	109	ground	-0.155768	1.91356	3.746275	6.58831	1.758629102607496	0.8091889383461905	3.8819276045265	24.087105056349035	-1.7239565833333332	1.6037500000000002	-102.17839899661267	2	24
거칠게걸음	110	ground	-0.53372	2.25247	3.57172	6.88319	1.927135406152944	0.8193285143376653	13.249145566632917	26.241327719034096	-2.2417510303030306	1.40007	-64.9051281387607	2	33
거칠게걸음	111	ground	0.0909595	1.65474	5.30887	6.95894	1.3108135420883273	0.6956576311684154	9.782706085460296	27.30888437440243	-1.566680367857143	2.4533999999999994	-94.57638655408044	1	28
거칠게걸음	112	ground	0.0491659	0.0819534	2.367078	5.75988	2.4333281652196654	0.9117187867962346	7.713130883816445	22.91704267319675	-0.16514860999999997	3.4109366	-26.88407379872948	1	30
거칠게걸음	113	ground	0.663153	2.14252	1.9208129999999999	10.85894	5.653301152532208	0.9727490419545428	0.17184738665469923	24.927398384630365	-2.488066177777778	5.41972	-112.61421695674673	1	36
거칠게걸음	114	down	-0.607958	7.56224	2.585361	13.08975	5.063024056205669	0.9591057986446629	0.20466327820399943	31.350184136166533	-7.394244785714286	0.0	-80.37355659817483	2	28
거칠게걸음	115	down	-0.145713	4.45891	3.06902	12.55227	4.089991564085094	0.9545153235800917	4.312523779576006	35.13069251773587	-4.447311035714286	1.96026	-102.7746173976561	2	28
거칠게걸음	116	down	-1.24532	5.10722	3.96213	13.84689	3.4948087279294904	0.9610946497337176	13.390073139651001	35.21398362916919	-4.68506825	4.03589	-64.81792720171792	2	28
거칠게걸음	117	down	0.954945	5.34894	3.4321599999999997	15.21068	4.43180841458195	0.9606241167986638	1.5584468953880033	38.05561815439975	-5.406848296296296	3.0314299999999994	-106.40372312170214	1	27
거칠게걸음	118	down	0.786275	2.175	2.603772	13.48619	5.1794799316223035	0.9734129805344395	20.324566513021	35.30969146570823	-1.8561909310344826	5.71804	-90.39198894427209	1	29
거칠게걸음	119	down	0.83354	7.58746	3.52154	13.5631	3.8514672979811966	0.9458675908829594	27.417490354486	34.479157010258234	-7.317401551724138	0.0	-102.25628902617379	1	29
거칠게걸음	120	down	-0.250319	5.05991	2.862915	14.603580000000001	5.100946028454904	0.9753530256092356	11.780314743417	35.680521419904274	-4.979872785714286	2.5298799999999995	-82.84414728483469	2	28
거칠게걸음	121	down	1.49985	6.95086	3.2766599999999997	16.44019	5.017360660745802	0.9770732342907243	24.493619319599507	40.77823613612036	-6.7230729	3.52044	-105.57081756797832	1	28
거칠게걸음	122	down	-0.188479	7.85185	2.306189	17.16148	7.441485740550432	0.9872734404001399	1.6537909006254001	35.176125295155366	-7.328308777777778	3.12315	-85.34037996583201	2	27
거칠게걸음	123	down	-0.551979	5.46323	3.94542	13.29809	3.3705122976736828	0.93834535217605	20.5369076328805	32.2257857372609	-5.124856960000001	2.43584	-86.28560032997268	2	25
거칠게걸음	124	down	0.0697588	4.08737	2.953572	10.94689	3.7063211236018203	0.964724135857407	8.8822004134623	27.864265566148124	-3.898541185185185	2.6033800000000005	-78.67568199929212	1	27
거칠게걸음	125	down	-0.125265	2.18715	5.16805	8.515740000000001	1.6477662468888177	0.7374784245165212	1.3180415285940184	22.683670635825646	-1.1911954196964285	3.3628	-89.19458401525901	2	28
거칠게걸음	126	ground	1.00084	0.0438084	2.039725	5.73332	2.8108285132414843	0.9066200227753813	3.3642464393510996	21.36299826477924	-0.34119341599999997	2.5152516	-151.15783189480234	1	25
거칠게걸음	127	ground	-0.248824	-0.110886	4.35029	9.502510000000001	2.1843389327288683	0.7871134860462529	10.477149896804999	41.770128244413165	0.30021169696969696	6.403646	72.78834372679255	3	33
거칠게걸음	128	ground	0.712513	1.7609	3.7679329999999998	8.05654	2.1381850106716307	0.7978548901059134	16.600756592291688	26.08743455484182	-1.738482852	1.6994700000000003	-137.5687951024491	1	25
거칠게걸음	129	ground	-0.284022	-0.322807	3.0431	7.87918	2.589194377708791	0.887744501356959	2.500752956677839	24.340650566890677	0.2097494193548387	5.711667	32.05333564781485	3	31
거칠게걸음	130	ground	0.658231	0.785104	3.6370509999999996	7.1129	1.9556772902889483	0.8274162758307488	13.986594257104137	25.71192537587521	-0.843362453125	3.2126959999999998	-142.6144720273528	1	32
거칠게걸음	131	ground	0.280913	1.42856	2.5556	7.71012	3.016949829022605	0.9147843294570127	2.1376597642635007	29.47859671359271	-1.9897952571428572	2.64436	-96.64978319239013	1	35
거칠게걸음	132	down	1.31499	3.64325	3.46787	12.23174	3.527161189098441	0.9574705522705567	3.140565766920497	28.45004289254066	-3.758538392857143	3.1054399999999998	-116.63651122167967	1	28
거칠게걸음	133	down	-0.80287	5.36083	3.273912	14.216070000000002	4.3422259540800265	0.9606186599670605	27.5529163832155	32.52793964344619	-5.046911428571429	2.7791200000000007	-72.53162004584358	2	28
거칠게걸음	134	down	0.777987	4.62237	2.429107	14.966719999999999	6.161405750588281	0.9846876302992752	1.7064232304310007	29.69395592949108	-4.5839477037037035	3.9864599999999992	-105.6055573166725	1	27
거칠게걸음	135	down	-0.758671	3.55533	4.58238	14.15963	3.090015867296936	0.9501639687805982	31.148485011267496	38.56315788790939	-3.152778327586207	4.931980000000001	-60.43990964605787	2	29
거칠게걸음	136	down	2.13666	8.39261	4.40956	16.81955	3.814336619903886	0.9640929471343171	0.38174872835599816	35.211653360695585	-8.230117923076923	2.46349	-106.24714983854096	1	26
거칠게걸음	137	down	1.50839	6.53473	1.8536839999999999	16.61837	8.965045301655891	0.9877862196284772	2.63023429124776	37.408652605796775	-6.036329096551724	4.1709700000000005	-98.0435384199284	1	29
거칠게걸음	138	down	1.53263	7.52903	3.28422	15.151150000000001	4.613316217148602	0.9580218849685168	3.329672157929502	30.53895694533708	-7.438985199999999	1.6908000000000003	-106.17439645613327	1	25
거칠게걸음	139	down	1.20368	1.87419	2.167807	14.696190000000001	6.779285803908834	0.9853774687503708	13.981195462909502	36.83445799394991	-1.9545020357142857	6.0618	-110.54436029603954	1	28
거칠게걸음	140	down	1.0525	5.11593	2.8828199999999997	15.70223	5.446827950816232	0.9810089523722897	9.212311083996553	34.594594390364705	-4.768771399999999	3.469360000000001	-105.18809889206241	1	25
거칠게걸음	141	down	0.785351	6.66315	4.76718	14.859939999999998	3.117133584816687	0.9486661509964253	19.5108479142615	31.330112709401977	-6.329373692307692	1.8693899999999992	-96.49900511117852	1	26
거칠게걸음	142	down	-0.645072	4.16674	2.853904	11.82056	4.14188979661201	0.9546366546904074	2.0839139921610017	26.16738168502242	-3.81155712	3.6175100000000002	-98.22926829637193	2	25
거칠게걸음	143	down	-0.350088	1.4248	5.76874	9.21402	1.597232394382067	0.7776639138737338	6.028727208877502	27.878725611572857	-0.33645727586206897	4.59633	-19.796790936603376	2	29
거칠게걸음	144	ground	0.202908	2.26205	4.19077	9.8768	2.3567978302799175	0.8731811730023263	4.944530290288	31.668195285181866	-2.6677958076923076	3.34923	-99.81617676405769	1	26
거칠게걸음	145	ground	-0.101566	2.24068	3.061479	10.01415	3.271015979199603	0.9224690227368977	6.268862698660998	28.97512194197483	-1.856949769230769	4.3506599999999995	-63.319296781369296	2	26
거칠게걸음	146	ground	0.245387	1.78913	3.43619	8.04036	2.3399048539502023	0.8845110900712605	1.3801215540518998	25.872159343603894	-1.9560206333333334	1.9846399999999997	-81.9507676706851	1	30
거칠게걸음	147	ground	0.158002	1.10167	4.49055	11.9717	2.665975734380926	0.8906885537558912	3.7504572520169	35.44005502259573	-0.9818035239999999	4.95787	-63.853019355012535	1	25
거칠게걸음	148	ground	0.131046	2.43339	1.933405	6.365270000000001	3.292257291019062	0.9025016327917187	5.74475984101171	27.95861958511174	-2.3590424037142856	0.27583	-83.28644700178765	1	35
거칠게걸음	149	ground	-0.0700933	2.44233	6.09061	6.2199100000000005	1.0212292329948507	0.6436763530441895	2.1081293850250105	29.230241251469856	-2.413684451111111	0.87337	-78.2363903586404	2	27
거칠게걸음	150	ground	0.270065	0.824274	5.5997900000000005	9.1943	1.6419005637888984	0.6763798138131484	21.435083915508304	36.23675751812306	-0.8731142937499999	3.5564160000000005	-122.98519930890433	1	32
거칠게걸음	151	ground	-0.257145	2.09329	8.03934	6.91533	0.8601861769515687	0.5537883662592348	21.843139238940704	26.85373476063341	-2.0834910222222223	1.64345	-89.01646130872757	2	27
거칠게걸음	152	ground	0.575714	1.47683	5.624600000000001	9.02923	1.605310314456083	0.6410887235203695	14.777404748016147	33.9473568853945	-1.51732159375	3.1111400000000002	-118.61479546597495	1	32
거칠게걸음	153	ground	0.554574	1.98474	6.38645	7.664429999999999	1.2001078533288676	0.6490855845335952	18.535955421564996	25.09696195695218	-1.7187123333333334	2.6458999999999997	-114.91139320437014	1	27
거칠게걸음	154	ground	1.03867	0.388528	5.9988399999999995	6.39489	1.0660209197076569	0.5319919877921799	14.984507380867003	28.64899499484603	-0.6570422258064517	3.099132	-154.76441310090655	1	31
거칠게걸음	155	ground	-0.649215	1.94113	6.53848	7.41128	1.1334865085636863	0.5870512194542182	21.226541693502348	25.371818797735862	-1.6537517740740741	2.54559	-89.63013140376533	2	27
거칠게걸음	156	ground	0.335373	0.440747	5.23086	7.7532	1.4822034078137423	0.6446667856956021	20.30877914092575	37.50841342974461	-0.48586264705882354	3.714773	-147.3238769983345	1	34
거칠게걸음	157	ground	-0.870738	2.69781	5.553578999999999	4.91786	0.8855296943593143	0.5554672427003229	12.557113246649452	22.781756655378846	-2.4880995296296295	0.3129900000000001	-102.06342541975592	2	27
거칠게걸음	158	ground	0.223519	0.622314	2.55674	3.1901	1.2477212201001195	0.5625502849227212	7.364923296190507	27.317162607607532	-0.5843005226	1.284676	-109.59934259749171	1	50
